Hotel,URL,Room to be extracted
Becamex Hotel New City,https://www.agoda.com/becamex-hotel-new-city/hotel/binh-duong-vn.html?countryId=38&finalPriceView=1&isShowMobileAppPrice=false&cid=-333&numberOfBedrooms=&familyMode=false&adults=2&children=0&rooms=1&maxRooms=0&isCalendarCallout=false&childAges=&numberOfGuest=0&missingChildAges=false&travellerType=1&showReviewSubmissionEntry=false&currencyCode=VND&isFreeOccSearch=false&flightSearchCriteria=%5Bobject%20Object%5D&los=1&searchrequestid=0bfc9853-3d6d-4d15-a104-85be76d62e7c&checkin=2026-01-12,Twin One Bedroom Suite
Citadines Central Binh Duong,https://www.agoda.com/citadines-central-binh-duong_2/hotel/binh-duong-vn.html?countryId=38&finalPriceView=1&isShowMobileAppPrice=false&cid=-333&numberOfBedrooms=&familyMode=false&adults=2&children=0&rooms=1&maxRooms=0&isCalendarCallout=false&childAges=&numberOfGuest=0&missingChildAges=false&travellerType=1&showReviewSubmissionEntry=false&currencyCode=VND&isFreeOccSearch=false&flightSearchCriteria=%5Bobject%20Object%5D&los=1&searchrequestid=14e70c56-1fa4-44eb-bc24-b28c3036f91f&checkin=2026-01-12,Studio Premier
Fairfield by Marriott South Binh Duong,https://www.agoda.com/fairfield-by-marriott-south-binh-duong/hotel/binh-duong-vn.html?countryId=38&finalPriceView=1&isShowMobileAppPrice=false&cid=-333&numberOfBedrooms=&familyMode=false&adults=2&children=0&rooms=1&maxRooms=0&isCalendarCallout=false&childAges=&numberOfGuest=0&missingChildAges=false&travellerType=1&showReviewSubmissionEntry=false&currencyCode=VND&isFreeOccSearch=false&flightSearchCriteria=%5Bobject%20Object%5D&los=1&searchrequestid=30f0e068-4f06-4819-ab06-ca139a002c24&checkin=2026-01-12,"Guest room, 2 Twin"
HIIVE by fusion Binh Duong - VSIP 1,https://www.agoda.com/hiive-binh-duong/hotel/binh-duong-vn.html?countryId=38&finalPriceView=1&isShowMobileAppPrice=false&cid=-333&numberOfBedrooms=&familyMode=false&adults=2&children=0&rooms=1&maxRooms=0&isCalendarCallout=false&childAges=&numberOfGuest=0&missingChildAges=false&travellerType=1&showReviewSubmissionEntry=false&currencyCode=VND&isFreeOccSearch=false&flightSearchCriteria=%5Bobject%20Object%5D&los=1&searchrequestid=43a4d055-9151-4a2d-af16-2b1d5f780246&checkin=2026-01-12,Superior Twin
Legacy Mekong,https://www.agoda.com/legacy-mekong-can-tho-autograph-collection/hotel/c-n-tho-vn.html?countryId=38&finalPriceView=1&isShowMobileAppPrice=false&cid=-333&numberOfBedrooms=&familyMode=false&adults=2&children=0&rooms=1&maxRooms=0&isCalendarCallout=false&childAges=&numberOfGuest=0&missingChildAges=false&travellerType=1&showReviewSubmissionEntry=false&currencyCode=VND&isFreeOccSearch=false&flightSearchCriteria=%5Bobject%20Object%5D&tspTypes=-1&los=1&searchrequestid=f1a4760e-a491-4d98-922a-d4471cbb46a3&checkin=2026-01-12,"Bungalow, 2 Twin, Garden View"
Sheraton Can Tho,https://www.agoda.com/sheraton-can-tho/hotel/c-n-tho-vn.html?countryId=38&finalPriceView=1&isShowMobileAppPrice=false&cid=-333&numberOfBedrooms=&familyMode=false&adults=2&children=0&rooms=1&maxRooms=0&isCalendarCallout=false&childAges=&numberOfGuest=0&missingChildAges=false&travellerType=1&showReviewSubmissionEntry=false&currencyCode=VND&isFreeOccSearch=false&flightSearchCriteria=%5Bobject%20Object%5D&tspTypes=-1&los=1&searchrequestid=06744d7b-3e9f-43e9-b1c7-51e117599884&checkin=2026-01-12,"Guest room, 2 Twin"
Ana Mandara Villas Dalat Resort & Spa,https://www.agoda.com/ana-mandara-villas-dalat-resort-spa/hotel/dalat-vn.html?countryId=38&finalPriceView=2&isShowMobileAppPrice=false&cid=1922896&numberOfBedrooms=&familyMode=false&adults=2&children=0&rooms=1&maxRooms=0&checkIn=2025-07-30&isCalendarCallout=false&childAges=&numberOfGuest=0&missingChildAges=false&travellerType=1&showReviewSubmissionEntry=false&currencyCode=VND&isFreeOccSearch=false&tag=7b5d3de0-8c32-42c4-8f5e-11bf6952077c&tspTypes=15%2C8&los=1&searchrequestid=35b7bd7e-edc5-48cd-bfc9-22c1a3529ba2&ds=GK%2BAXD%2B55oiPibg6,Villa Double Room
Bach Place Dalat,https://www.agoda.com/bach-place-dalat/hotel/dalat-vn.html?countryId=38&finalPriceView=1&isShowMobileAppPrice=false&cid=1833981&numberOfBedrooms=&familyMode=false&adults=2&children=0&rooms=1&maxRooms=0&isCalendarCallout=false&childAges=&numberOfGuest=0&missingChildAges=false&travellerType=1&showReviewSubmissionEntry=false&currencyCode=VND&isFreeOccSearch=false&flightSearchCriteria=%5Bobject%20Object%5D&los=1&searchrequestid=5420f191-c2ab-4400-9486-5005aa532009&ds=kRNzZxqQmLBulEMM&checkin=2025-12-25,Deluxe Twin - Breakfast
Banla Boutique Hotel,https://www.agoda.com/banla-boutique-hotel/hotel/khu-chi-lang-vn.html?countryId=38&finalPriceView=2&isShowMobileAppPrice=false&cid=1922896&numberOfBedrooms=&familyMode=false&adults=2&children=0&rooms=1&maxRooms=0&checkIn=2025-07-30&isCalendarCallout=false&childAges=&numberOfGuest=0&missingChildAges=false&travellerType=1&showReviewSubmissionEntry=false&currencyCode=VND&isFreeOccSearch=false&tag=7b5d3de0-8c32-42c4-8f5e-11bf6952077c&tspTypes=2&los=1&searchrequestid=35b7bd7e-edc5-48cd-bfc9-22c1a3529ba2&ds=GK%2BAXD%2B55oiPibg6,Superior
Colline Dalat,https://www.agoda.com/hotel-colline_3/hotel/dalat-vn.html?countryId=38&finalPriceView=2&isShowMobileAppPrice=false&cid=1922896&numberOfBedrooms=&familyMode=false&adults=2&children=0&rooms=1&maxRooms=0&checkIn=2025-07-30&isCalendarCallout=false&childAges=&numberOfGuest=0&missingChildAges=false&travellerType=1&showReviewSubmissionEntry=false&currencyCode=VND&isFreeOccSearch=false&tag=7b5d3de0-8c32-42c4-8f5e-11bf6952077c&tspTypes=8&los=1&searchrequestid=35b7bd7e-edc5-48cd-bfc9-22c1a3529ba2&ds=GK%2BAXD%2B55oiPibg6,Superior Double Room
Le Recit Boutique Hotel de Dalat,https://www.agoda.com/le-recit-boutique-hotel-de-dalat/hotel/dalat-vn.html?countryId=38&finalPriceView=2&isShowMobileAppPrice=false&cid=1922896&numberOfBedrooms=&familyMode=false&adults=2&children=0&rooms=1&maxRooms=0&checkIn=2025-07-30&isCalendarCallout=false&childAges=&numberOfGuest=0&missingChildAges=false&travellerType=1&showReviewSubmissionEntry=false&currencyCode=VND&isFreeOccSearch=false&tag=7b5d3de0-8c32-42c4-8f5e-11bf6952077c&tspTypes=8&los=1&searchrequestid=35b7bd7e-edc5-48cd-bfc9-22c1a3529ba2&ds=GK%2BAXD%2B55oiPibg6,Deluxe Twin
Mercure Dalat Resort,https://www.agoda.com/vi-vn/mercure-da-lat-resort/hotel/dalat-vn.html?countryId=38&finalPriceView=1&isShowMobileAppPrice=false&cid=1833981&numberOfBedrooms=&familyMode=false&adults=2&children=0&rooms=1&maxRooms=0&checkIn=2026-02-3&isCalendarCallout=false&childAges=&numberOfGuest=0&missingChildAges=false&travellerType=1&showReviewSubmissionEntry=false&currencyCode=VND&isFreeOccSearch=false&flightSearchCriteria=%5Bobject+Object%5D&los=1&searchrequestid=151dce41-02b3-4537-868e-88ba4754821f&ds=WCvMDeNTDlHf9b9e,Deluxe Twin
Mơ Stay - Forest Resort,https://www.agoda.com/mo-stay-forest-resort-h36217950/hotel/dalat-vn.html?countryId=38&finalPriceView=2&isShowMobileAppPrice=false&cid=1922896&numberOfBedrooms=&familyMode=false&adults=2&children=0&rooms=1&maxRooms=0&checkIn=2025-07-30&isCalendarCallout=false&childAges=&numberOfGuest=0&missingChildAges=false&travellerType=1&showReviewSubmissionEntry=false&currencyCode=VND&isFreeOccSearch=false&tag=7b5d3de0-8c32-42c4-8f5e-11bf6952077c&los=1&searchrequestid=35b7bd7e-edc5-48cd-bfc9-22c1a3529ba2&ds=GK%2BAXD%2B55oiPibg6,Deluxe Balcony Room
Mùa Dalat Wellness Hotel,https://www.agoda.com/mua-dalat-wellness-hotel/hotel/dalat-vn.html?countryId=38&finalPriceView=2&isShowMobileAppPrice=false&cid=1922896&numberOfBedrooms=&familyMode=false&adults=2&children=0&rooms=1&maxRooms=0&checkIn=2025-07-30&isCalendarCallout=false&childAges=&numberOfGuest=0&missingChildAges=false&travellerType=1&showReviewSubmissionEntry=false&currencyCode=VND&isFreeOccSearch=false&tag=7b5d3de0-8c32-42c4-8f5e-11bf6952077c&los=1&searchrequestid=35b7bd7e-edc5-48cd-bfc9-22c1a3529ba2&ds=GK%2BAXD%2B55oiPibg6,Superior Double Room
Nexus House An Son Da Lat,https://www.agoda.com/nexus-house-an-son-da-l-t/hotel/dalat-vn.html?countryId=38&finalPriceView=2&isShowMobileAppPrice=false&cid=1922896&numberOfBedrooms=&familyMode=false&adults=2&children=0&rooms=1&maxRooms=0&checkIn=2025-07-30&isCalendarCallout=false&childAges=&numberOfGuest=0&missingChildAges=false&travellerType=1&showReviewSubmissionEntry=false&currencyCode=VND&isFreeOccSearch=false&tag=7b5d3de0-8c32-42c4-8f5e-11bf6952077c&los=1&searchrequestid=35b7bd7e-edc5-48cd-bfc9-22c1a3529ba2&ds=GK%2BAXD%2B55oiPibg6,Standard Double with Balcony
Swiss-Belresort Tuyen Lam Dalat,https://www.agoda.com/swiss-belresort-tuyen-lam-dalat/hotel/dalat-vn.html?countryId=38&finalPriceView=2&isShowMobileAppPrice=false&cid=1922896&numberOfBedrooms=&familyMode=false&adults=2&children=0&rooms=1&maxRooms=0&checkIn=2025-07-30&isCalendarCallout=false&childAges=&numberOfGuest=0&missingChildAges=false&travellerType=1&showReviewSubmissionEntry=false&currencyCode=VND&isFreeOccSearch=false&tag=7b5d3de0-8c32-42c4-8f5e-11bf6952077c&tspTypes=9%2C-1&los=1&searchrequestid=35b7bd7e-edc5-48cd-bfc9-22c1a3529ba2&ds=GK%2BAXD%2B55oiPibg6,Deluxe Mountain View King Room
Terracotta Hotel and Resort Dalat,https://www.agoda.com/terracotta-hotel-and-resort-dalat/hotel/dalat-vn.html?countryId=38&finalPriceView=2&isShowMobileAppPrice=false&cid=1922896&numberOfBedrooms=&familyMode=false&adults=2&children=0&rooms=1&maxRooms=0&checkIn=2025-07-30&isCalendarCallout=false&childAges=&numberOfGuest=0&missingChildAges=false&travellerType=1&showReviewSubmissionEntry=false&currencyCode=VND&isFreeOccSearch=false&tag=7b5d3de0-8c32-42c4-8f5e-11bf6952077c&tspTypes=9%2C8&los=1&searchrequestid=35b7bd7e-edc5-48cd-bfc9-22c1a3529ba2&ds=GK%2BAXD%2B55oiPibg6,Superior Twin
The Mist Boutique  - Deluxe City View,https://www.agoda.com/the-mist-boutique-hotel/hotel/dalat-vn.html?countryId=38&finalPriceView=1&isShowMobileAppPrice=false&cid=1917614&numberOfBedrooms=&familyMode=false&adults=2&children=0&rooms=1&maxRooms=0&isCalendarCallout=false&childAges=&numberOfGuest=0&missingChildAges=false&travellerType=1&showReviewSubmissionEntry=false&currencyCode=VND&isFreeOccSearch=false&los=1&searchrequestid=db1cfae1-30f2-4c21-94e3-b6d1b21c28c1&ds=WCvMDeNTDlHf9b9e&checkin=2026-01-06,Deluxe City View
The Mist Boutique - Deluxe Mountain View,https://www.agoda.com/the-mist-boutique-hotel/hotel/dalat-vn.html?countryId=38&finalPriceView=1&isShowMobileAppPrice=false&cid=1917614&numberOfBedrooms=&familyMode=false&adults=2&children=0&rooms=1&maxRooms=0&isCalendarCallout=false&childAges=&numberOfGuest=0&missingChildAges=false&travellerType=1&showReviewSubmissionEntry=false&currencyCode=VND&isFreeOccSearch=false&los=1&searchrequestid=db1cfae1-30f2-4c21-94e3-b6d1b21c28c1&ds=WCvMDeNTDlHf9b9e&checkin=2026-01-06,Deluxe Mountain View
The Mist Boutique - Double Room,https://www.agoda.com/the-mist-boutique-hotel/hotel/dalat-vn.html?countryId=38&finalPriceView=1&isShowMobileAppPrice=false&cid=1917614&numberOfBedrooms=&familyMode=false&adults=2&children=0&rooms=1&maxRooms=0&isCalendarCallout=false&childAges=&numberOfGuest=0&missingChildAges=false&travellerType=1&showReviewSubmissionEntry=false&currencyCode=VND&isFreeOccSearch=false&los=1&searchrequestid=db1cfae1-30f2-4c21-94e3-b6d1b21c28c1&ds=WCvMDeNTDlHf9b9e&checkin=2026-01-06,Double Room
The Mist Boutique - Executive Suite,https://www.agoda.com/the-mist-boutique-hotel/hotel/dalat-vn.html?countryId=38&finalPriceView=1&isShowMobileAppPrice=false&cid=1917614&numberOfBedrooms=&familyMode=false&adults=2&children=0&rooms=1&maxRooms=0&isCalendarCallout=false&childAges=&numberOfGuest=0&missingChildAges=false&travellerType=1&showReviewSubmissionEntry=false&currencyCode=VND&isFreeOccSearch=false&los=1&searchrequestid=db1cfae1-30f2-4c21-94e3-b6d1b21c28c1&ds=WCvMDeNTDlHf9b9e&checkin=2026-01-06,Executive Suite
The Mist Boutique - Signature Suite,https://www.agoda.com/the-mist-boutique-hotel/hotel/dalat-vn.html?countryId=38&finalPriceView=1&isShowMobileAppPrice=false&cid=1917614&numberOfBedrooms=&familyMode=false&adults=2&children=0&rooms=1&maxRooms=0&isCalendarCallout=false&childAges=&numberOfGuest=0&missingChildAges=false&travellerType=1&showReviewSubmissionEntry=false&currencyCode=VND&isFreeOccSearch=false&los=1&searchrequestid=db1cfae1-30f2-4c21-94e3-b6d1b21c28c1&ds=WCvMDeNTDlHf9b9e&checkin=2026-01-06,Signature Suite
The Mist Boutique - Suite City View Room,https://www.agoda.com/the-mist-boutique-hotel/hotel/dalat-vn.html?countryId=38&finalPriceView=1&isShowMobileAppPrice=false&cid=1917614&numberOfBedrooms=&familyMode=false&adults=2&children=0&rooms=1&maxRooms=0&isCalendarCallout=false&childAges=&numberOfGuest=0&missingChildAges=false&travellerType=1&showReviewSubmissionEntry=false&currencyCode=VND&isFreeOccSearch=false&los=1&searchrequestid=db1cfae1-30f2-4c21-94e3-b6d1b21c28c1&ds=WCvMDeNTDlHf9b9e&checkin=2026-01-06,Suite City View Room
The Mist Boutique - Suite Mountain View,https://www.agoda.com/the-mist-boutique-hotel/hotel/dalat-vn.html?countryId=38&finalPriceView=1&isShowMobileAppPrice=false&cid=1917614&numberOfBedrooms=&familyMode=false&adults=2&children=0&rooms=1&maxRooms=0&isCalendarCallout=false&childAges=&numberOfGuest=0&missingChildAges=false&travellerType=1&showReviewSubmissionEntry=false&currencyCode=VND&isFreeOccSearch=false&los=1&searchrequestid=db1cfae1-30f2-4c21-94e3-b6d1b21c28c1&ds=WCvMDeNTDlHf9b9e&checkin=2026-01-06,Suite Mountain View
The Mist Boutique - Tripple Balcony,https://www.agoda.com/the-mist-boutique-hotel/hotel/dalat-vn.html?countryId=38&finalPriceView=1&isShowMobileAppPrice=false&cid=1917614&numberOfBedrooms=&familyMode=false&adults=2&children=0&rooms=1&maxRooms=0&isCalendarCallout=false&childAges=&numberOfGuest=0&missingChildAges=false&travellerType=1&showReviewSubmissionEntry=false&currencyCode=VND&isFreeOccSearch=false&los=1&searchrequestid=db1cfae1-30f2-4c21-94e3-b6d1b21c28c1&ds=WCvMDeNTDlHf9b9e&checkin=2026-01-06,Triple Balcony
The Mist Boutique - Tripple Deluxe,https://www.agoda.com/the-mist-boutique-hotel/hotel/dalat-vn.html?countryId=38&finalPriceView=1&isShowMobileAppPrice=false&cid=1917614&numberOfBedrooms=&familyMode=false&adults=2&children=0&rooms=1&maxRooms=0&isCalendarCallout=false&childAges=&numberOfGuest=0&missingChildAges=false&travellerType=1&showReviewSubmissionEntry=false&currencyCode=VND&isFreeOccSearch=false&los=1&searchrequestid=db1cfae1-30f2-4c21-94e3-b6d1b21c28c1&ds=WCvMDeNTDlHf9b9e&checkin=2026-01-06,Triple Deluxe
The Pink Boutique Hotel,https://www.agoda.com/the-pink-boutique-hotel/hotel/dalat-vn.html?countryId=38&finalPriceView=2&isShowMobileAppPrice=false&cid=1922896&numberOfBedrooms=&familyMode=false&adults=2&children=0&rooms=1&maxRooms=0&checkIn=2025-07-30&isCalendarCallout=false&childAges=&numberOfGuest=0&missingChildAges=false&travellerType=1&showReviewSubmissionEntry=false&currencyCode=VND&isFreeOccSearch=false&tag=7b5d3de0-8c32-42c4-8f5e-11bf6952077c&tspTypes=2&los=1&searchrequestid=35b7bd7e-edc5-48cd-bfc9-22c1a3529ba2&ds=GK%2BAXD%2B55oiPibg6,Classic Double
Túi Ba Gang Central Hotel,https://www.agoda.com/tui-ba-gang-central-hotel/hotel/dalat-vn.html?countryId=38&finalPriceView=2&isShowMobileAppPrice=false&cid=1922896&numberOfBedrooms=&familyMode=false&adults=2&children=0&rooms=1&maxRooms=0&checkIn=2025-07-30&isCalendarCallout=false&childAges=&numberOfGuest=0&missingChildAges=false&travellerType=1&showReviewSubmissionEntry=false&currencyCode=VND&isFreeOccSearch=false&tag=7b5d3de0-8c32-42c4-8f5e-11bf6952077c&tspTypes=4&los=1&searchrequestid=35b7bd7e-edc5-48cd-bfc9-22c1a3529ba2&ds=GK%2BAXD%2B55oiPibg6,Deluxe Room -- 1 Bed
A La Carte,https://www.agoda.com/a-la-carte-da-nang-beach-hotel/hotel/da-nang-vn.html?countryId=38&finalPriceView=1&isShowMobileAppPrice=false&cid=1844104&numberOfBedrooms=&familyMode=false&adults=2&children=0&rooms=1&maxRooms=0&isCalendarCallout=false&childAges=&numberOfGuest=0&missingChildAges=false&travellerType=1&showReviewSubmissionEntry=false&currencyCode=VND&isFreeOccSearch=false&los=1&searchrequestid=342779f6-6eb4-41db-9979-dbcc4f20057c&ds=LxaZ4GK%2FBx7rq6OP&checkin=2025-07-09,1-Bedroom City View Twin Studio
Avora Boutique,https://www.agoda.com/avora-boutique-hotel/hotel/da-nang-vn.html?finalPriceView=1&isShowMobileAppPrice=false&cid=1844104&numberOfBedrooms=&familyMode=false&adults=2&children=0&rooms=1&maxRooms=0&checkIn=2024-08-13&isCalendarCallout=false&childAges=&numberOfGuest=0&missingChildAges=false&travellerType=1&showReviewSubmissionEntry=false&currencyCode=VND&isFreeOccSearch=false&los=1&searchrequestid=d8f53ebf-e829-4e2a-9304-aade3e02d14c,Superior Double Room - Non-Smoking
Avora Hotel,https://www.agoda.com/avora-hotel/hotel/da-nang-vn.html?finalPriceView=1&isShowMobileAppPrice=false&cid=1844104&numberOfBedrooms=&familyMode=false&adults=2&children=0&rooms=1&maxRooms=0&isCalendarCallout=false&childAges=&numberOfGuest=0&missingChildAges=false&travellerType=1&showReviewSubmissionEntry=false&currencyCode=VND&isFreeOccSearch=false&los=1&searchrequestid=e29c78e1-699a-4697-b9ef-d0b136b9e734&checkin=2024-08-21,Superior Twin Room - Non-Smoking
Brilliant Hotel Danang,https://www.agoda.com/brilliant-hotel-danang/hotel/da-nang-vn.html?finalPriceView=1&isShowMobileAppPrice=false&cid=1844104&numberOfBedrooms=&familyMode=false&adults=2&children=0&rooms=1&maxRooms=0&checkIn=2024-08-13&isCalendarCallout=false&childAges=&numberOfGuest=0&missingChildAges=false&travellerType=1&showReviewSubmissionEntry=false&currencyCode=VND&isFreeOccSearch=false&los=1&searchrequestid=7e9c28ec-d3e2-476c-b5b7-a24bab7cc72e,Standard Double Room (No View)
Central Hotel & Spa,https://www.agoda.com/central-hotel-spa-danang/hotel/da-nang-vn.html?finalPriceView=1&isShowMobileAppPrice=false&cid=1844104&numberOfBedrooms=&familyMode=false&adults=2&children=0&rooms=1&maxRooms=0&checkIn=2024-08-13&isCalendarCallout=false&childAges=&numberOfGuest=0&missingChildAges=false&travellerType=1&showReviewSubmissionEntry=false&currencyCode=VND&isFreeOccSearch=false&tspTypes=3&los=1&searchrequestid=49e6aa32-66e2-46cb-95dc-3bce62564918,Standard Double Room
Crowne Plaza Danang City Centre,https://www.agoda.com/bay-capital-danang/hotel/da-n-ng-vn.html?finalPriceView=1&isShowMobileAppPrice=false&cid=1844104&numberOfBedrooms=&familyMode=false&adults=2&children=0&rooms=1&maxRooms=0&checkIn=2024-08-13&isCalendarCallout=false&childAges=&numberOfGuest=0&missingChildAges=false&travellerType=1&showReviewSubmissionEntry=false&currencyCode=VND&isFreeOccSearch=false&los=1&searchrequestid=76634560-f776-4675-94c7-6e01ccad16cd,Standard Room
Furama Resort Danang-Lagoon Superior,https://www.agoda.com/furama-resort-danang/hotel/da-nang-vn.html?countryId=38&finalPriceView=1&isShowMobileAppPrice=false&cid=-333&numberOfBedrooms=&familyMode=false&adults=2&children=0&rooms=1&maxRooms=0&checkIn=2025-12-18&isCalendarCallout=false&childAges=&numberOfGuest=0&missingChildAges=false&travellerType=1&showReviewSubmissionEntry=false&currencyCode=VND&isFreeOccSearch=false&flightSearchCriteria=%5Bobject+Object%5D&los=1&searchrequestid=78bdd4f0-5a8c-499b-a05f-beec56fa0b30&ds=k1Qw7BnT0zuXtSP0,Lagoon Superior
Furama Villas Danang-1 Bedroom Pool Villa,https://www.agoda.com/furama-villas-danang/hotel/da-nang-vn.html?countryId=38&finalPriceView=1&isShowMobileAppPrice=false&cid=-333&numberOfBedrooms=&familyMode=false&adults=2&children=0&rooms=1&maxRooms=0&checkIn=2025-12-18&isCalendarCallout=false&childAges=&numberOfGuest=0&missingChildAges=false&travellerType=1&showReviewSubmissionEntry=false&currencyCode=VND&isFreeOccSearch=false&flightSearchCriteria=%5Bobject+Object%5D&los=1&searchrequestid=f816ee29-fe7c-4952-9a60-ea2e35b7130d&ds=k1Qw7BnT0zuXtSP0,1 Bedroom Pool Villa
Furama Villas Danang-2 Bedroom Pool Villa,https://www.agoda.com/furama-villas-danang/hotel/da-nang-vn.html?countryId=38&finalPriceView=1&isShowMobileAppPrice=false&cid=-333&numberOfBedrooms=&familyMode=false&adults=2&children=0&rooms=1&maxRooms=0&checkIn=2025-12-18&isCalendarCallout=false&childAges=&numberOfGuest=0&missingChildAges=false&travellerType=1&showReviewSubmissionEntry=false&currencyCode=VND&isFreeOccSearch=false&flightSearchCriteria=%5Bobject+Object%5D&los=1&searchrequestid=f816ee29-fe7c-4952-9a60-ea2e35b7130d&ds=k1Qw7BnT0zuXtSP0,2 Bedroom Pool Villa
Furama Villas Danang-3 Bedroom Pool Villa,https://www.agoda.com/furama-villas-danang/hotel/da-nang-vn.html?countryId=38&finalPriceView=1&isShowMobileAppPrice=false&cid=-333&numberOfBedrooms=&familyMode=false&adults=2&children=0&rooms=1&maxRooms=0&checkIn=2025-12-18&isCalendarCallout=false&childAges=&numberOfGuest=0&missingChildAges=false&travellerType=1&showReviewSubmissionEntry=false&currencyCode=VND&isFreeOccSearch=false&flightSearchCriteria=%5Bobject+Object%5D&los=1&searchrequestid=f816ee29-fe7c-4952-9a60-ea2e35b7130d&ds=k1Qw7BnT0zuXtSP0,3 Bedroom Pool Villa
Furama Villas Danang-4-Bedroom Beachfront Villa with Private Pool,https://www.agoda.com/furama-villas-danang/hotel/da-nang-vn.html?countryId=38&finalPriceView=1&isShowMobileAppPrice=false&cid=-333&numberOfBedrooms=&familyMode=false&adults=2&children=0&rooms=1&maxRooms=0&checkIn=2025-12-18&isCalendarCallout=false&childAges=&numberOfGuest=0&missingChildAges=false&travellerType=1&showReviewSubmissionEntry=false&currencyCode=VND&isFreeOccSearch=false&flightSearchCriteria=%5Bobject+Object%5D&los=1&searchrequestid=f816ee29-fe7c-4952-9a60-ea2e35b7130d&ds=k1Qw7BnT0zuXtSP0,4-Bedroom Beachfront Villa with Private Pool
Fusion Resort-1bedroom villa,https://www.agoda.com/fusion-resort-villas-da-nang-wellness-inclusive-h56360089/hotel/da-nang-vn.html?countryId=38&finalPriceView=1&isShowMobileAppPrice=false&cid=-333&numberOfBedrooms=&familyMode=false&adults=2&children=0&rooms=1&maxRooms=0&checkIn=2025-12-18&isCalendarCallout=false&childAges=&numberOfGuest=0&missingChildAges=false&travellerType=1&showReviewSubmissionEntry=false&currencyCode=VND&isFreeOccSearch=false&flightSearchCriteria=%5Bobject+Object%5D&tspTypes=-1&los=1&searchrequestid=89af8b39-5418-43db-a063-26811f8b647b&ds=k1Qw7BnT0zuXtSP0,One Bedroom Villa with Private Pool - Spa Inclusive
Fusion Resort-2bedroom villa,https://www.agoda.com/fusion-resort-villas-da-nang-wellness-inclusive-h56360089/hotel/da-nang-vn.html?countryId=38&finalPriceView=1&isShowMobileAppPrice=false&cid=-333&numberOfBedrooms=&familyMode=false&adults=2&children=0&rooms=1&maxRooms=0&checkIn=2025-12-18&isCalendarCallout=false&childAges=&numberOfGuest=0&missingChildAges=false&travellerType=1&showReviewSubmissionEntry=false&currencyCode=VND&isFreeOccSearch=false&flightSearchCriteria=%5Bobject+Object%5D&tspTypes=-1&los=1&searchrequestid=89af8b39-5418-43db-a063-26811f8b647b&ds=k1Qw7BnT0zuXtSP0,Two Bedroom Villa - Spa Inclusive
Fusion Resort-3 bedroom villa,https://www.agoda.com/fusion-resort-villas-da-nang-wellness-inclusive-h56360089/hotel/da-nang-vn.html?countryId=38&finalPriceView=1&isShowMobileAppPrice=false&cid=-333&numberOfBedrooms=&familyMode=false&adults=2&children=0&rooms=1&maxRooms=0&checkIn=2025-12-18&isCalendarCallout=false&childAges=&numberOfGuest=0&missingChildAges=false&travellerType=1&showReviewSubmissionEntry=false&currencyCode=VND&isFreeOccSearch=false&flightSearchCriteria=%5Bobject+Object%5D&tspTypes=-1&los=1&searchrequestid=89af8b39-5418-43db-a063-26811f8b647b&ds=k1Qw7BnT0zuXtSP0,Three Bedroom Presidential Plunge Pool Loft - Spa Inclusive
Fusion Resort-4 bedroom villa,https://www.agoda.com/fusion-resort-villas-da-nang-wellness-inclusive-h56360089/hotel/da-nang-vn.html?countryId=38&finalPriceView=1&isShowMobileAppPrice=false&cid=-333&numberOfBedrooms=&familyMode=false&adults=2&children=0&rooms=1&maxRooms=0&checkIn=2025-12-18&isCalendarCallout=false&childAges=&numberOfGuest=0&missingChildAges=false&travellerType=1&showReviewSubmissionEntry=false&currencyCode=VND&isFreeOccSearch=false&flightSearchCriteria=%5Bobject+Object%5D&tspTypes=-1&los=1&searchrequestid=89af8b39-5418-43db-a063-26811f8b647b&ds=k1Qw7BnT0zuXtSP0,Four Bedroom Premium Villa with Private Pool - Spa Inclusive
Fusion Resort-5 bedroom villa,https://www.agoda.com/fusion-resort-villas-da-nang-wellness-inclusive-h56360089/hotel/da-nang-vn.html?countryId=38&finalPriceView=1&isShowMobileAppPrice=false&cid=-333&numberOfBedrooms=&familyMode=false&adults=2&children=0&rooms=1&maxRooms=0&checkIn=2025-12-18&isCalendarCallout=false&childAges=&numberOfGuest=0&missingChildAges=false&travellerType=1&showReviewSubmissionEntry=false&currencyCode=VND&isFreeOccSearch=false&flightSearchCriteria=%5Bobject+Object%5D&tspTypes=-1&los=1&searchrequestid=89af8b39-5418-43db-a063-26811f8b647b&ds=k1Qw7BnT0zuXtSP0,Five Bedroom Premium Beachfront Villa with Private Pool - Spa Inclusive
Fusion Resort-Suite,https://www.agoda.com/fusion-resort-villas-da-nang-wellness-inclusive-h56360089/hotel/da-nang-vn.html?countryId=38&finalPriceView=1&isShowMobileAppPrice=false&cid=-333&numberOfBedrooms=&familyMode=false&adults=2&children=0&rooms=1&maxRooms=0&checkIn=2025-12-18&isCalendarCallout=false&childAges=&numberOfGuest=0&missingChildAges=false&travellerType=1&showReviewSubmissionEntry=false&currencyCode=VND&isFreeOccSearch=false&flightSearchCriteria=%5Bobject+Object%5D&tspTypes=-1&los=1&searchrequestid=89af8b39-5418-43db-a063-26811f8b647b&ds=k1Qw7BnT0zuXtSP0,Garden View King Suite
G8 Luxury,https://www.agoda.com/g8-luxury-hotel-and-spa-da-nang/hotel/da-nang-vn.html?finalPriceView=1&isShowMobileAppPrice=false&cid=1844104&numberOfBedrooms=&familyMode=false&adults=2&children=0&rooms=1&maxRooms=0&checkIn=2024-08-13&isCalendarCallout=false&childAges=&numberOfGuest=0&missingChildAges=false&travellerType=1&showReviewSubmissionEntry=false&currencyCode=VND&isFreeOccSearch=false&los=1&searchrequestid=a61a42ba-7814-4bda-a734-8bf74dad7c5e,Superior Double Room
Golden Lotus Grand Da Nang,https://www.agoda.com/golden-lotus-grand-da-nang/hotel/da-nang-vn.html?countryId=38&finalPriceView=1&isShowMobileAppPrice=false&cid=-333&numberOfBedrooms=&familyMode=false&adults=2&children=0&rooms=1&maxRooms=0&checkIn=2026-01-27&isCalendarCallout=false&childAges=&numberOfGuest=0&missingChildAges=false&travellerType=1&showReviewSubmissionEntry=false&currencyCode=VND&isFreeOccSearch=false&flightSearchCriteria=%5Bobject+Object%5D&los=1&searchrequestid=4a1b55ef-9c07-47e0-912f-af93313045b5&ds=gGhXZL9PHQBVUBgD,Superior City View Room - Afternoon Tea Included
Grand Tourane Hotel,https://www.agoda.com/grand-tourane-hotel/hotel/da-nang-vn.html?countryId=38&finalPriceView=1&isShowMobileAppPrice=false&cid=1844104&numberOfBedrooms=&familyMode=false&adults=2&children=0&rooms=1&maxRooms=0&isCalendarCallout=false&childAges=&numberOfGuest=0&missingChildAges=false&travellerType=1&showReviewSubmissionEntry=false&currencyCode=VND&isFreeOccSearch=false&flightSearchCriteria=%5Bobject%20Object%5D&los=1&searchrequestid=c171275e-6e2e-4359-b1fa-7a650a36ec2e&ds=LxaZ4GK%2FBx7rq6OP&checkin=2026-01-25,Deluxe Room
Haian Riverfront Hotel Da Nang,https://www.agoda.com/haian-riverfront-hotel/hotel/da-nang-vn.html?finalPriceView=1&isShowMobileAppPrice=false&cid=1844104&numberOfBedrooms=&familyMode=false&adults=2&children=0&rooms=1&maxRooms=0&checkIn=2024-08-13&isCalendarCallout=false&childAges=&numberOfGuest=0&missingChildAges=false&travellerType=1&showReviewSubmissionEntry=false&currencyCode=VND&isFreeOccSearch=false&los=1&searchrequestid=1d01b58c-2dec-47cc-aa50-f4b4b1f2da1d,Superior King Room
Hilton Da Nang,https://www.agoda.com/hilton-da-nang_6/hotel/da-nang-vn.html?finalPriceView=1&isShowMobileAppPrice=false&cid=1844104&numberOfBedrooms=&familyMode=false&adults=2&children=0&rooms=1&maxRooms=0&checkIn=2024-08-13&isCalendarCallout=false&childAges=&numberOfGuest=0&missingChildAges=false&travellerType=1&showReviewSubmissionEntry=false&currencyCode=VND&isFreeOccSearch=false&los=1&searchrequestid=7ba081ba-40f3-4f97-ae68-98a127f25906,King Accessible Room
Hilton Garden Inn,https://www.agoda.com/hilton-garden-inn-da-nang/hotel/da-nang-vn.html?countryId=38&finalPriceView=1&isShowMobileAppPrice=false&cid=1844104&numberOfBedrooms=&familyMode=false&adults=2&children=0&rooms=1&maxRooms=0&isCalendarCallout=false&childAges=&numberOfGuest=0&missingChildAges=false&travellerType=1&showReviewSubmissionEntry=false&currencyCode=VND&isFreeOccSearch=false&los=1&searchrequestid=f6c93c56-cdf7-4d09-8609-6395a9daac4c&ds=LxaZ4GK%2FBx7rq6OP&checkin=2025-07-09,King Guest Room
Hyatt Regency Danang Resort And Spa,https://www.agoda.com/hyatt-regency-danang-resort-and-spa/hotel/da-nang-vn.html?countryId=38&finalPriceView=1&isShowMobileAppPrice=false&cid=-333&numberOfBedrooms=&familyMode=false&adults=2&children=0&rooms=1&maxRooms=0&isCalendarCallout=false&childAges=&numberOfGuest=0&missingChildAges=false&travellerType=1&showReviewSubmissionEntry=false&currencyCode=VND&isFreeOccSearch=false&flightSearchCriteria=%5Bobject%20Object%5D&los=1&searchrequestid=a3ac9f9f-ebd2-43d8-b568-0a2e05ba734b&ds=k1Qw7BnT0zuXtSP0&checkin=2025-12-26,2 Twin Beds
M Hotel Da Nang,https://www.agoda.com/m-hotel-danang/hotel/da-nang-vn.html?countryId=38&finalPriceView=2&isShowMobileAppPrice=false&cid=1844104&numberOfBedrooms=&familyMode=false&adults=2&children=0&rooms=1&maxRooms=0&isCalendarCallout=false&childAges=&numberOfGuest=0&missingChildAges=false&travellerType=1&showReviewSubmissionEntry=false&currencyCode=VND&isFreeOccSearch=false&tspTypes=-1&los=1&searchrequestid=b5ed4462-e694-490d-bf48-f5a13eca6a3f&ds=pkUtDzTOXUrRC6rN&checkin=2025-06-23,Deluxe Double City View
Muong Thanh Luxury Song Han Hotel,https://agoda.com/oneopera-danang-hotel/hotel/da-nang-vn.html?finalPriceView=1&isShowMobileAppPrice=false&cid=1844104&numberOfBedrooms=&familyMode=false&adults=2&children=0&rooms=1&maxRooms=0&checkIn=2024-08-21&isCalendarCallout=false&childAges=&numberOfGuest=0&missingChildAges=false&travellerType=1&showReviewSubmissionEntry=false&currencyCode=VND&isFreeOccSearch=false&los=1&searchrequestid=9cbfa51f-553b-430b-94ef-c7fb09d2d50f,Superior Twin City View
Nesta Hotel Da Nang,https://www.agoda.com/nesta-hotel-da-nang/hotel/da-nang-vn.html?countryId=38&finalPriceView=1&isShowMobileAppPrice=false&cid=-333&numberOfBedrooms=&familyMode=false&adults=2&children=0&rooms=1&maxRooms=0&checkIn=2026-01-27&isCalendarCallout=false&childAges=&numberOfGuest=0&missingChildAges=false&travellerType=1&showReviewSubmissionEntry=false&currencyCode=VND&isFreeOccSearch=false&flightSearchCriteria=%5Bobject+Object%5D&los=1&searchrequestid=06c6b7b7-9827-4130-8f39-d0d2393d16b6&ds=gGhXZL9PHQBVUBgD,Superior Double Garden View
New Orient Da Nang,https://www.agoda.com/new-orient-hotel-da-nang/hotel/da-nang-vn.html?countryId=38&finalPriceView=2&isShowMobileAppPrice=false&cid=1917614&numberOfBedrooms=&familyMode=false&adults=2&children=0&rooms=1&maxRooms=0&checkIn=2025-08-24&isCalendarCallout=false&childAges=&numberOfGuest=0&missingChildAges=false&travellerType=1&showReviewSubmissionEntry=false&currencyCode=VND&isFreeOccSearch=false&los=1&searchrequestid=bbef5a47-5eb6-4828-bcea-bd6036f7e47b&ds=vi7iH7%2BI071DBgyJ,Superior Double or Twin Room without View
Novotel,https://www.agoda.com/novotel-danang-premier-han-river/hotel/da-nang-vn.html?finalPriceView=1&isShowMobileAppPrice=false&cid=1844104&numberOfBedrooms=&familyMode=false&adults=2&children=0&rooms=1&maxRooms=0&isCalendarCallout=false&childAges=&numberOfGuest=0&missingChildAges=false&travellerType=1&showReviewSubmissionEntry=false&currencyCode=VND&isFreeOccSearch=false&los=1&searchrequestid=ea3abc44-f608-4838-af7a-ef21876f84f2&ds=KVpBPN4fJR0hNKLf&checkin=2024-11-12,"Superior Room, balcony with Han river view - 2 single beds"
Pariat River Front Hotel Da Nang,https://www.agoda.com/pariat-hotel-danang/hotel/da-nang-vn.html?finalPriceView=1&isShowMobileAppPrice=false&cid=1844104&numberOfBedrooms=&familyMode=false&adults=2&children=0&rooms=1&maxRooms=0&checkIn=2024-08-13&isCalendarCallout=false&childAges=&numberOfGuest=0&missingChildAges=false&travellerType=1&showReviewSubmissionEntry=false&currencyCode=VND&isFreeOccSearch=false&tspTypes=3&los=1&searchrequestid=69e59df0-83b2-49e5-92a9-70f746bc46b7,Standard Double
Pullman Danang Beach Resort,https://www.agoda.com/pullman-danang-beach-resort/hotel/da-nang-vn.html?countryId=38&finalPriceView=1&isShowMobileAppPrice=false&cid=-333&numberOfBedrooms=&familyMode=false&adults=2&children=0&rooms=1&maxRooms=0&checkIn=2025-12-18&isCalendarCallout=false&childAges=&numberOfGuest=0&missingChildAges=false&travellerType=1&showReviewSubmissionEntry=false&currencyCode=VND&isFreeOccSearch=false&los=1&searchrequestid=ff9fde3d-a39d-4fe3-939d-d4650627e16c&ds=k1Qw7BnT0zuXtSP0,Deluxe 2 Single Beds with Balcony
radison red,https://www.agoda.com/radisson-red-danang/hotel/ubon-ratchathani-th.html?countryId=38&finalPriceView=2&isShowMobileAppPrice=false&cid=1844104&numberOfBedrooms=&familyMode=false&adults=2&children=0&rooms=1&maxRooms=0&isCalendarCallout=false&childAges=&numberOfGuest=0&missingChildAges=false&travellerType=1&showReviewSubmissionEntry=false&currencyCode=VND&isFreeOccSearch=false&tspTypes=-1&los=1&searchrequestid=22a4716e-ae30-4ef0-b9a4-a3211a049901&ds=KVpBPN4fJR0hNKLf&checkin=2025-05-30,Superior Room
Rosamia Da Nang Hotel,https://www.agoda.com/rosamia-da-nang-hotel/hotel/da-nang-vn.html?countryId=38&finalPriceView=1&isShowMobileAppPrice=false&cid=-333&numberOfBedrooms=&familyMode=false&adults=2&children=0&rooms=1&maxRooms=0&checkIn=2026-01-26&isCalendarCallout=false&childAges=&numberOfGuest=0&missingChildAges=false&travellerType=1&showReviewSubmissionEntry=false&currencyCode=VND&isFreeOccSearch=false&flightSearchCriteria=%5Bobject+Object%5D&los=1&searchrequestid=afa161d4-e00e-4421-aad1-16ea316add20&ds=gGhXZL9PHQBVUBgD,Grand Deluxe Double
SALA DANANG BEACH HOTEL,https://www.agoda.com/sala-danang-beach-hotel/hotel/da-nang-vn.html?countryId=38&finalPriceView=1&isShowMobileAppPrice=false&cid=-333&numberOfBedrooms=&familyMode=false&adults=2&children=0&rooms=1&maxRooms=0&checkIn=2026-01-27&isCalendarCallout=false&childAges=&numberOfGuest=0&missingChildAges=false&travellerType=1&showReviewSubmissionEntry=false&currencyCode=VND&isFreeOccSearch=false&flightSearchCriteria=%5Bobject+Object%5D&los=1&searchrequestid=be0eaa11-f1e1-47bb-93ec-57848dfb4d68&ds=gGhXZL9PHQBVUBgD,Superior Double City View
Sanouva Danang Hotel,https://www.agoda.com/sanouva-danang-hotel/hotel/da-nang-vn.html?finalPriceView=1&isShowMobileAppPrice=false&cid=1844104&numberOfBedrooms=&familyMode=false&adults=2&children=0&rooms=1&maxRooms=0&checkIn=2024-08-13&isCalendarCallout=false&childAges=&numberOfGuest=0&missingChildAges=false&travellerType=1&showReviewSubmissionEntry=false&currencyCode=VND&isFreeOccSearch=false&tspTypes=-1&los=1&searchrequestid=7a10f578-0f20-4dec-b211-5e4bbecc1b1d,Deluxe Twin City View
Satya Da Nang Hotel Han Market,https://www.agoda.com/satya-da-nang-hotel/hotel/da-nang-vn.html?finalPriceView=1&isShowMobileAppPrice=false&cid=1844104&numberOfBedrooms=&familyMode=false&adults=2&children=0&rooms=1&maxRooms=0&checkIn=2024-08-13&isCalendarCallout=false&childAges=&numberOfGuest=0&missingChildAges=false&travellerType=1&showReviewSubmissionEntry=false&currencyCode=VND&isFreeOccSearch=false&los=1&searchrequestid=8e6797a0-f5e4-4b47-bd42-cb70ebcd3f38,Superior Double Balcony
sel de mer,https://www.agoda.com/sel-de-mer-hotel-suites_2/hotel/da-nang-vn.html?countryId=38&finalPriceView=2&isShowMobileAppPrice=false&cid=1844104&numberOfBedrooms=&familyMode=false&adults=2&children=0&rooms=1&maxRooms=0&checkIn=2025-05-27&isCalendarCallout=false&childAges=&numberOfGuest=0&missingChildAges=false&travellerType=1&showReviewSubmissionEntry=false&currencyCode=VND&isFreeOccSearch=false&los=1&searchrequestid=b8e1e608-36a0-46f6-9cda-5bb52060d6e1&ds=KVpBPN4fJR0hNKLf,Superior Twin City View
Sheraton Grand Danang Beach Resort & Spa,https://www.agoda.com/sheraton-grand-danang-beach-resort-spa/hotel/da-nang-vn.html?countryId=38&finalPriceView=1&isShowMobileAppPrice=false&cid=-333&numberOfBedrooms=&familyMode=false&adults=2&children=0&rooms=1&maxRooms=0&checkIn=2025-12-18&isCalendarCallout=false&childAges=&numberOfGuest=0&missingChildAges=false&travellerType=1&showReviewSubmissionEntry=false&currencyCode=VND&isFreeOccSearch=false&flightSearchCriteria=%5Bobject+Object%5D&los=1&searchrequestid=17813e76-a7b9-49b0-ae1b-827c70fe1f11&ds=k1Qw7BnT0zuXtSP0,"Guest room, 2 Twin, Bay view"
Shilla Monogram Danang,https://www.agoda.com/shilla-monogram-danang-h10789475/hotel/da-nang-vn.html?countryId=38&finalPriceView=1&isShowMobileAppPrice=false&cid=-333&numberOfBedrooms=&familyMode=false&adults=2&children=0&rooms=1&maxRooms=0&isCalendarCallout=false&childAges=&numberOfGuest=0&missingChildAges=false&travellerType=1&showReviewSubmissionEntry=false&currencyCode=VND&isFreeOccSearch=false&flightSearchCriteria=%5Bobject%20Object%5D&los=1&searchrequestid=cac38d78-3a40-4b4a-8aba-25655bafe8f3&ds=k1Qw7BnT0zuXtSP0&checkin=2025-12-18,Superior Partial Ocean View Twin Room
Sun River Hotel,https://www.agoda.com/sun-river-hotel/hotel/da-nang-vn.html?finalPriceView=1&isShowMobileAppPrice=false&cid=1844104&numberOfBedrooms=&familyMode=false&adults=2&children=0&rooms=1&maxRooms=0&checkIn=2024-08-13&isCalendarCallout=false&childAges=&numberOfGuest=0&missingChildAges=false&travellerType=1&showReviewSubmissionEntry=false&currencyCode=VND&isFreeOccSearch=false&tspTypes=-1&los=1&searchrequestid=51076d03-9e60-4383-8a2c-7516e4720595&ds=hqogU2F3QtSqcY%2Br,Standard Twin No Window
TMS Hotel Da Nang Beach,https://www.agoda.com/tms-hotel-da-nang-beach/hotel/da-nang-vn.html?countryId=38&finalPriceView=1&isShowMobileAppPrice=false&cid=-333&numberOfBedrooms=&familyMode=false&adults=2&children=0&rooms=1&maxRooms=0&isCalendarCallout=false&childAges=&numberOfGuest=0&missingChildAges=false&travellerType=1&showReviewSubmissionEntry=false&currencyCode=VND&isFreeOccSearch=false&flightSearchCriteria=%5Bobject%20Object%5D&los=1&searchrequestid=aa233466-9ab5-4573-ab88-a544fcfc20a4&ds=gGhXZL9PHQBVUBgD&checkin=2026-01-26,Premier City View Twin Room with Balcony and Spa Included
Vanda Hotel,https://www.agoda.com/vanda-hotel/hotel/da-nang-vn.html?finalPriceView=1&isShowMobileAppPrice=false&cid=1844104&numberOfBedrooms=&familyMode=false&adults=2&children=0&rooms=1&maxRooms=0&checkIn=2024-08-13&isCalendarCallout=false&childAges=&numberOfGuest=0&missingChildAges=false&travellerType=1&showReviewSubmissionEntry=false&currencyCode=VND&isFreeOccSearch=false&los=1&searchrequestid=da03d319-1c83-4bfd-99fa-86c1ef8e9cec,Superior Double City View
voco Ma Belle,https://www.agoda.com/voco-ma-belle-danang/hotel/da-nang-vn.html?countryId=38&finalPriceView=1&isShowMobileAppPrice=false&cid=1844104&numberOfBedrooms=&familyMode=false&adults=2&children=0&rooms=1&maxRooms=0&checkIn=2025-07-9&isCalendarCallout=false&childAges=&numberOfGuest=0&missingChildAges=false&travellerType=1&showReviewSubmissionEntry=false&currencyCode=VND&isFreeOccSearch=false&tspTypes=-1%2C-1&los=1&searchrequestid=d930bb7b-456e-49e9-9cde-709147ce719a&ds=LxaZ4GK%2FBx7rq6OP,Deluxe Room
Wink Hotel Danang Centre,https://www.agoda.com/wink-hotel-danang-centre/hotel/da-nang-vn.html?finalPriceView=1&isShowMobileAppPrice=false&cid=1844104&numberOfBedrooms=&familyMode=false&adults=2&children=0&rooms=1&maxRooms=0&checkIn=2024-08-13&isCalendarCallout=false&childAges=&numberOfGuest=0&missingChildAges=false&travellerType=1&showReviewSubmissionEntry=false&currencyCode=VND&isFreeOccSearch=false&tspTypes=8&los=1&searchrequestid=80613263-24c4-4586-b6a8-a1b0d9f34ec5,1 Queen Bed
AIRA Boutique Hoi An Hotel & Spa - Hotel,https://www.agoda.com/vi-vn/aira-boutique-hoi-an-hotel-spa/hotel/hoi-an-vn.html?countryId=38&finalPriceView=1&isShowMobileAppPrice=false&cid=-333&numberOfBedrooms=&familyMode=false&adults=2&children=0&rooms=1&maxRooms=0&isCalendarCallout=false&childAges=&numberOfGuest=0&missingChildAges=false&travellerType=1&showReviewSubmissionEntry=false&currencyCode=VND&isFreeOccSearch=false&flightSearchCriteria=%5Bobject%20Object%5D&los=1&searchrequestid=1a7a6157-ded5-4d70-8115-2d29e50e16e5&checkin=2026-02-06,Phòng Loại Sang (Deluxe Room)
Boutique Hoi An Resort,https://www.agoda.com/vi-vn/boutique-hoi-an-resort/hotel/hoi-an-vn.html?countryId=38&finalPriceView=1&isShowMobileAppPrice=false&cid=-333&numberOfBedrooms=&familyMode=false&adults=2&children=0&rooms=1&maxRooms=0&checkIn=2026-02-6&isCalendarCallout=false&childAges=&numberOfGuest=0&missingChildAges=false&travellerType=1&showReviewSubmissionEntry=false&currencyCode=VND&isFreeOccSearch=false&flightSearchCriteria=[object%20Object]&los=1&searchrequestid=25342324-bd11-4958-a153-702fddf6e453,Phòng Superior (Superior Room)
Dechiu Hotel - Hotel,https://www.agoda.com/dechiu-hotel/hotel/hoi-an-vn.html?countryId=38&finalPriceView=2&isShowMobileAppPrice=false&cid=1917614&numberOfBedrooms=&familyMode=false&adults=2&children=0&rooms=1&maxRooms=0&checkIn=2025-08-5&isCalendarCallout=false&childAges=&numberOfGuest=0&missingChildAges=false&travellerType=1&showReviewSubmissionEntry=false&currencyCode=VND&isFreeOccSearch=false&los=1&searchrequestid=62d312bf-22ba-4558-8047-8872e060e1b4&ds=sKBy4LzJohpzc%2BOe,Double Room with Sea View
Dechiu Hotel 1 - Hotel,https://www.agoda.com/dechiu-hotel/hotel/hoi-an-vn.html?countryId=38&finalPriceView=2&isShowMobileAppPrice=false&cid=1917614&numberOfBedrooms=&familyMode=false&adults=2&children=0&rooms=1&maxRooms=0&checkIn=2025-08-5&isCalendarCallout=false&childAges=&numberOfGuest=0&missingChildAges=false&travellerType=1&showReviewSubmissionEntry=false&currencyCode=VND&isFreeOccSearch=false&los=1&searchrequestid=62d312bf-22ba-4558-8047-8872e060e1b4&ds=sKBy4LzJohpzc%2BOe,Double Room with Queen Bed - Non-Smoking
ENSO Retreat Hoi An - Rediscovery & Serenity,https://www.agoda.com/vi-vn/enso-retreat-hoi-an/hotel/hoi-an-vn.html?countryId=38&finalPriceView=1&isShowMobileAppPrice=false&cid=-333&numberOfBedrooms=&familyMode=false&adults=2&children=0&rooms=1&maxRooms=0&isCalendarCallout=false&childAges=&numberOfGuest=0&missingChildAges=false&travellerType=1&showReviewSubmissionEntry=false&currencyCode=VND&isFreeOccSearch=false&flightSearchCriteria=%5Bobject%20Object%5D&los=1&searchrequestid=39cf8e12-e160-44fb-a703-a482a491ccab&checkin=2026-02-06,Phòng Deluxe giường đôi Hướng vườn (Deluxe Double Room Garden View)
Grand Sunrise Palace Hội An - Hotel,https://www.agoda.com/vi-vn/grand-sunrise-palace-hoi-an-h38715126/hotel/hoi-an-vn.html?countryId=38&finalPriceView=1&isShowMobileAppPrice=false&cid=-333&numberOfBedrooms=&familyMode=false&adults=2&children=0&rooms=1&maxRooms=0&isCalendarCallout=false&childAges=&numberOfGuest=0&missingChildAges=false&travellerType=1&showReviewSubmissionEntry=false&currencyCode=VND&isFreeOccSearch=false&flightSearchCriteria=%5Bobject%20Object%5D&tspTypes=-1&los=1&searchrequestid=af69715e-e141-4010-b589-3a6871567b3b&checkin=2026-02-06,Phòng Loại Sang Giường Đôi (Deluxe Double Room)
Harvest Day Hoi An - Hotel,https://www.agoda.com/harvest-day-hoi-an-h76212995/hotel/hoi-an-vn.html?countryId=38&finalPriceView=1&isShowMobileAppPrice=false&cid=-333&numberOfBedrooms=&familyMode=false&adults=2&children=0&rooms=1&maxRooms=0&isCalendarCallout=false&childAges=&numberOfGuest=0&missingChildAges=false&travellerType=1&showReviewSubmissionEntry=false&currencyCode=VND&isFreeOccSearch=false&flightSearchCriteria=%5Bobject%20Object%5D&los=1&searchrequestid=c27866da-6e13-4cdc-b7b3-f15074847cfd&checkin=2026-01-12,Standard Double with Garden View
Hoi An Beach Resort,https://www.agoda.com/vi-vn/hoi-an-beach-resort/hotel/hoi-an-vn.html?countryId=38&finalPriceView=1&isShowMobileAppPrice=false&cid=-333&numberOfBedrooms=&familyMode=false&adults=2&children=0&rooms=1&maxRooms=0&checkIn=2026-02-6&isCalendarCallout=false&childAges=&numberOfGuest=0&missingChildAges=false&travellerType=1&showReviewSubmissionEntry=false&currencyCode=VND&isFreeOccSearch=false&flightSearchCriteria=[object%20Object]&los=1&searchrequestid=39e30d86-f318-440d-b37b-b914886e59fe,Phòng Superior (Superior Room)
Hoi An Chic Green Retreat - Hotel,https://www.agoda.com/vi-vn/hoi-an-chic-hotel/hotel/hoi-an-vn.html?countryId=38&finalPriceView=1&isShowMobileAppPrice=false&cid=-333&numberOfBedrooms=&familyMode=false&adults=2&children=0&rooms=1&maxRooms=0&isCalendarCallout=false&childAges=&numberOfGuest=0&missingChildAges=false&travellerType=1&showReviewSubmissionEntry=false&currencyCode=VND&isFreeOccSearch=false&flightSearchCriteria=%5Bobject%20Object%5D&los=1&searchrequestid=18be2b09-d25d-4d59-bfb6-3a5a995ffeea&checkin=2026-02-06,Chic Suite
Hoi An Coco River Resort & Spa,https://www.agoda.com/vi-vn/hoi-an-coco-river-resort-spa/hotel/hoi-an-vn.html?countryId=38&finalPriceView=1&isShowMobileAppPrice=false&cid=-333&numberOfBedrooms=&familyMode=false&adults=2&children=0&rooms=1&maxRooms=0&checkIn=2026-02-6&isCalendarCallout=false&childAges=&numberOfGuest=0&missingChildAges=false&travellerType=1&showReviewSubmissionEntry=false&currencyCode=VND&isFreeOccSearch=false&flightSearchCriteria=[object%20Object]&los=1&searchrequestid=db4c3f03-c76c-49e4-a4e6-4b640f5e7316,Phòng Loại Sang Giường Đôi Hướng Vườn (Deluxe Double Garden View)
Hoi An Eco Lodge & Spa - Hotel,https://www.agoda.com/vi-vn/hoi-an-eco-lodge-spa_3/hotel/hoi-an-vn.html?countryId=38&finalPriceView=1&isShowMobileAppPrice=false&cid=-333&numberOfBedrooms=&familyMode=false&adults=2&children=0&rooms=1&maxRooms=0&isCalendarCallout=false&childAges=&numberOfGuest=0&missingChildAges=false&travellerType=1&showReviewSubmissionEntry=false&currencyCode=VND&isFreeOccSearch=false&flightSearchCriteria=%5Bobject%20Object%5D&los=1&searchrequestid=45fb3b6e-75b7-434a-b7a4-9127d09d3640&checkin=2026-02-06,Phòng Superior giường King (Superior King Room)
KOI Resort and Spa Hoi An,https://www.agoda.com/vi-vn/koi-resort-and-spa-hoi-an/hotel/hoi-an-vn.html?countryId=38&finalPriceView=1&isShowMobileAppPrice=false&cid=-333&numberOfBedrooms=&familyMode=false&adults=2&children=0&rooms=1&maxRooms=0&isCalendarCallout=false&childAges=&numberOfGuest=0&missingChildAges=false&travellerType=1&showReviewSubmissionEntry=false&currencyCode=VND&isFreeOccSearch=false&flightSearchCriteria=%5Bobject%20Object%5D&los=1&searchrequestid=94bcc34d-8d2e-400e-b81b-a9b56d5c438b&checkin=2026-02-06,Bungalow Nhìn ra vườn (Bungalow with Garden View)
La Siesta Hoi An Resort & Spa,https://www.agoda.com/la-siesta-hoi-an-resort-spa/hotel/hoi-an-vn.html?countryId=38&finalPriceView=2&isShowMobileAppPrice=false&cid=1917614&numberOfBedrooms=&familyMode=false&adults=2&children=0&rooms=1&maxRooms=0&checkIn=2025-06-28&isCalendarCallout=false&childAges=&numberOfGuest=0&missingChildAges=false&travellerType=1&showReviewSubmissionEntry=false&currencyCode=VND&isFreeOccSearch=false&tspTypes=-1&los=1&searchrequestid=6f29f739-0c44-4d95-b72e-1e766f9170ec&ds=t8qF3GhOFoeYR4aV,Club Wing Junior Suite with Balcony
La Siesta Hoi An Resort & Spa 1,https://www.agoda.com/la-siesta-hoi-an-resort-spa/hotel/hoi-an-vn.html?countryId=38&finalPriceView=2&isShowMobileAppPrice=false&cid=1917614&numberOfBedrooms=&familyMode=false&adults=2&children=0&rooms=1&maxRooms=0&checkIn=2025-06-28&isCalendarCallout=false&childAges=&numberOfGuest=0&missingChildAges=false&travellerType=1&showReviewSubmissionEntry=false&currencyCode=VND&isFreeOccSearch=false&tspTypes=-1&los=1&searchrequestid=6f29f739-0c44-4d95-b72e-1e766f9170ec&ds=t8qF3GhOFoeYR4aV,Classic Wing Deluxe Room
LEGACY HOI AN RESORT,https://www.agoda.com/vi-vn/legacy-hoi-an-resort/hotel/hoi-an-vn.html?countryId=38&finalPriceView=1&isShowMobileAppPrice=false&cid=-333&numberOfBedrooms=&familyMode=false&adults=2&children=0&rooms=1&maxRooms=0&isCalendarCallout=false&childAges=&numberOfGuest=0&missingChildAges=false&travellerType=1&showReviewSubmissionEntry=false&currencyCode=VND&isFreeOccSearch=false&flightSearchCriteria=%5Bobject%20Object%5D&los=1&searchrequestid=86e248d1-191d-43c1-b821-037661da6ed5&checkin=2026-02-06,Phòng Superior hướng vườn (Superior Garden View Room)
Little Oasis - Hotel,https://www.agoda.com/vi-vn/little-oasis-a-luxury-hotel-spa/hotel/hoi-an-vn.html?countryId=38&finalPriceView=1&isShowMobileAppPrice=false&cid=-333&numberOfBedrooms=&familyMode=false&adults=2&children=0&rooms=1&maxRooms=0&isCalendarCallout=false&childAges=&numberOfGuest=0&missingChildAges=false&travellerType=1&showReviewSubmissionEntry=false&currencyCode=VND&isFreeOccSearch=false&tspTypes=-1&los=1&searchrequestid=d1d20142-2989-4f9e-9b5c-b9d82b79685c&checkin=2026-02-06,Little Oasis Deluxe
Maison Vy - Hotel,https://www.agoda.com/vi-vn/maison-vy-hotel/hotel/hoi-an-vn.html?countryId=38&finalPriceView=1&isShowMobileAppPrice=false&cid=-333&numberOfBedrooms=&familyMode=false&adults=2&children=0&rooms=1&maxRooms=0&isCalendarCallout=false&childAges=&numberOfGuest=0&missingChildAges=false&travellerType=1&showReviewSubmissionEntry=false&currencyCode=VND&isFreeOccSearch=false&flightSearchCriteria=%5Bobject%20Object%5D&tspTypes=3&los=1&searchrequestid=51b71485-1c14-4805-b749-05505fb15a11&checkin=2026-02-06,Giường Lớn Cao Cấp (Superior King)
Moire Hoi An Vignette Collection By IHG,https://www.agoda.com/moire-hoi-an-vignette-collection-an-ihg-hotel/hotel/hoi-an-vn.html?locale=en-us&ckuid=a92c1e11-0f73-4edd-92be-952d6582b7d6&prid=0&gclid=CjwKCAjwmenCBhA4EiwAtVjzmnb6ZTBDbNlqKdl74D-POLaJk8E9cOtOPxq5aHysoRPzU7RF0Y50NBoCcFsQAvD_BwE&currency=VND&correlationId=8bf6955a-c300-4eb4-88ba-b82bfa608de9&analyticsSessionId=-8289205163169192005&pageTypeId=7&realLanguageId=1&languageId=1&origin=VN&stateCode=SG&cid=1922877&tag=802ff3ba-6cd1-4f47-b9d9-8eec127eda92&userId=a92c1e11-0f73-4edd-92be-952d6582b7d6&whitelabelid=1&loginLvl=0&storefrontId=3&currencyId=78&currencyCode=VND&htmlLanguage=en-us&cultureInfoName=en-us&machineName=hk-pc-2h-acm-web-user-cb85d546f-b6pxt&trafficGroupId=5&trafficSubGroupId=9&aid=82361&useFullPageLogin=true&cttp=4&isRealUser=true&mode=production&browserFamily=Chrome&cdnDomain=agoda.net&checkIn=2025-07-18&checkOut=2025-07-19&rooms=1&adults=2&childs=0&priceCur=VND&los=1&textToSearch=Moire+Hoi+An+Vignette+Collection+By+IHG&productType=-1&travellerType=1&familyMode=off&ds=IoZUEux%2BQhruZi3k,1 King Deluxe
Palm Garden Beach Resort & Spa,https://www.agoda.com/vi-vn/palm-garden-beach-resort-spa/hotel/hoi-an-vn.html?countryId=38&finalPriceView=1&isShowMobileAppPrice=false&cid=-333&numberOfBedrooms=&familyMode=false&adults=2&children=0&rooms=1&maxRooms=0&isCalendarCallout=false&childAges=&numberOfGuest=0&missingChildAges=false&travellerType=1&showReviewSubmissionEntry=false&currencyCode=VND&isFreeOccSearch=false&flightSearchCriteria=%5Bobject%20Object%5D&tspTypes=-1&los=1&searchrequestid=6220ad10-6f7a-48be-b731-705ed90e2662&checkin=2026-02-06,Superior giường đôi hoặc 2 giường đơn Hướng vườn (Superior Double or Twin with Garden View)
Premier Senvila Boutique Resort & Spa,https://www.agoda.com/vi-vn/senvila-boutique-resort_2/hotel/hoi-an-vn.html?countryId=38&finalPriceView=1&isShowMobileAppPrice=false&cid=-333&numberOfBedrooms=&familyMode=false&adults=2&children=0&rooms=1&maxRooms=0&checkIn=2026-02-6&isCalendarCallout=false&childAges=&numberOfGuest=0&missingChildAges=false&travellerType=1&showReviewSubmissionEntry=false&currencyCode=VND&isFreeOccSearch=false&flightSearchCriteria=[object%20Object]&tspTypes=4&los=1&searchrequestid=ea21e352-df0b-4153-b6d2-9ddea68ad356,Deluxe Poolside Balcony with Garden View
Renaissance Danang Hoi An Resort & Spa,https://www.agoda.com/vi-vn/renaissance-hoi-an-resort-spa_3/hotel/hoi-an-vn.html?countryId=38&finalPriceView=1&isShowMobileAppPrice=false&cid=-333&numberOfBedrooms=&familyMode=false&adults=2&children=0&rooms=1&maxRooms=0&isCalendarCallout=false&childAges=&numberOfGuest=0&missingChildAges=false&travellerType=1&showReviewSubmissionEntry=false&currencyCode=VND&isFreeOccSearch=false&flightSearchCriteria=%5Bobject%20Object%5D&los=1&searchrequestid=a03a6ca8-2219-41ad-b4fe-ed1c53ae9d6a&checkin=2026-02-06,"Deluxe, Guest room, 2 Twin, Garden view, Balcony"
Reu Boutique Hotel - Hotel,https://www.agoda.com/vi-vn/reu-boutique-hotel/hotel/hoi-an-vn.html?countryId=38&finalPriceView=1&isShowMobileAppPrice=false&cid=-333&numberOfBedrooms=&familyMode=false&adults=2&children=0&rooms=1&maxRooms=0&isCalendarCallout=false&childAges=&numberOfGuest=0&missingChildAges=false&travellerType=1&showReviewSubmissionEntry=false&currencyCode=VND&isFreeOccSearch=false&flightSearchCriteria=%5Bobject%20Object%5D&los=1&searchrequestid=96f5ec9a-9f35-4e58-808e-5fe3684073bc&checkin=2026-02-06,Superior 2 giường hoặc giường đôi (Superior Twin or Double)
Sea'lavie Boutique Resort & Spa,https://www.agoda.com/vi-vn/sealavie-boutique-resort-and-spa/hotel/hoi-an-vn.html?countryId=38&finalPriceView=1&isShowMobileAppPrice=false&cid=-333&numberOfBedrooms=&familyMode=false&adults=2&children=0&rooms=1&maxRooms=0&isCalendarCallout=false&childAges=&numberOfGuest=0&missingChildAges=false&travellerType=1&showReviewSubmissionEntry=false&currencyCode=VND&isFreeOccSearch=false&flightSearchCriteria=%5Bobject%20Object%5D&los=1&searchrequestid=232885b6-67b5-4274-8fa1-ae1c2623f21e&checkin=2026-02-06,Phòng Deluxe Giường đôi Nhìn ra Hồ bơi (Deluxe Double Pool View)
Sen Village Hội An (Sen Village Hoi An) - Hotel,https://www.agoda.com/vi-vn/sen-retreat-hoi-an/hotel/hoi-an-vn.html?countryId=38&finalPriceView=1&isShowMobileAppPrice=false&cid=-333&numberOfBedrooms=&familyMode=false&adults=2&children=0&rooms=1&maxRooms=0&isCalendarCallout=false&childAges=&numberOfGuest=0&missingChildAges=false&travellerType=1&showReviewSubmissionEntry=false&currencyCode=VND&isFreeOccSearch=false&flightSearchCriteria=%5Bobject%20Object%5D&tspTypes=-1&los=1&searchrequestid=95ddaec6-232e-4423-bb0a-adca014fc55d&checkin=2026-02-06,Phòng Loại Sang (Deluxe Room)
Shoreline Stay - Hotel,https://www.agoda.com/vi-vn/the-shoreline-stay_3/hotel/hoi-an-vn.html?countryId=38&finalPriceView=1&isShowMobileAppPrice=false&cid=-333&numberOfBedrooms=&familyMode=false&adults=2&children=0&rooms=1&maxRooms=0&isCalendarCallout=false&childAges=&numberOfGuest=0&missingChildAges=false&travellerType=1&showReviewSubmissionEntry=false&currencyCode=VND&isFreeOccSearch=false&flightSearchCriteria=%5Bobject%20Object%5D&los=1&searchrequestid=64cf81e9-3941-46e1-bcde-15fd1a7c43d2&checkin=2026-02-06,Cao cấp Hướng Bể Bơi (Superior Pool View)
Sol An Bang Beach Resort & Spa,https://www.agoda.com/sol-an-bang-beach-resort-spa/hotel/hoi-an-vn.html?countryId=38&finalPriceView=2&isShowMobileAppPrice=false&cid=1917614&numberOfBedrooms=&familyMode=false&adults=2&children=0&rooms=1&maxRooms=0&checkIn=2025-08-5&isCalendarCallout=false&childAges=&numberOfGuest=0&missingChildAges=false&travellerType=1&showReviewSubmissionEntry=false&currencyCode=VND&isFreeOccSearch=false&tspTypes=17&los=1&searchrequestid=6cb2e5e7-05d2-490b-b8ae-b0d0c702db7e&ds=sKBy4LzJohpzc%2BOe,Deluxe Room
Sứ Retreat Hoi An - Riverfront Resort,https://www.agoda.com/vi-vn/s-retreat-hoi-an/hotel/hoi-an-vn.html?countryId=38&finalPriceView=1&isShowMobileAppPrice=false&cid=-333&numberOfBedrooms=&familyMode=false&adults=2&children=0&rooms=1&maxRooms=0&isCalendarCallout=false&childAges=&numberOfGuest=0&missingChildAges=false&travellerType=1&showReviewSubmissionEntry=false&currencyCode=VND&isFreeOccSearch=false&los=1&searchrequestid=31885505-090c-4040-bd42-647b01dbbe94&checkin=2026-02-10,Suite Lớn có Ban Công (Executive Suite with Balcony)
The Saga Hotel Hoi An - Hotel,https://www.agoda.com/vi-vn/the-saga-hotel-hoi-an/hotel/hoi-an-vn.html?countryId=38&finalPriceView=1&isShowMobileAppPrice=false&cid=-333&numberOfBedrooms=&familyMode=false&adults=2&children=0&rooms=1&maxRooms=0&isCalendarCallout=false&childAges=&numberOfGuest=0&missingChildAges=false&travellerType=1&showReviewSubmissionEntry=false&currencyCode=VND&isFreeOccSearch=false&flightSearchCriteria=%5Bobject%20Object%5D&los=1&searchrequestid=0ee6c6e9-dfdd-42f8-b334-d580381398f2&checkin=2026-02-06,Phòng Superior 2 giường (Superior Twin Room)
The Signature Hoi An,https://www.agoda.com/the-signature-hoi-an/hotel/hoi-an-vn.html?countryId=38&finalPriceView=2&isShowMobileAppPrice=false&cid=1917614&numberOfBedrooms=&familyMode=false&adults=2&children=0&rooms=1&maxRooms=0&checkIn=2025-06-28&isCalendarCallout=false&childAges=&numberOfGuest=0&missingChildAges=false&travellerType=1&showReviewSubmissionEntry=false&currencyCode=VND&isFreeOccSearch=false&tspTypes=-1&los=1&searchrequestid=59dc9e56-4b06-4a8e-a3f5-08dc9c77da54&ds=t8qF3GhOFoeYR4aV,Signature Lantern Room
Victoria Hoi An Beach Resort & Spa,https://www.agoda.com/vi-vn/victoria-hoi-an-beach-resort-spa/hotel/hoi-an-vn.html?countryId=38&finalPriceView=1&isShowMobileAppPrice=false&cid=-333&numberOfBedrooms=&familyMode=false&adults=2&children=0&rooms=1&maxRooms=0&isCalendarCallout=false&childAges=&numberOfGuest=0&missingChildAges=false&travellerType=1&showReviewSubmissionEntry=false&currencyCode=VND&isFreeOccSearch=false&flightSearchCriteria=%5Bobject%20Object%5D&los=1&searchrequestid=baa55b58-76f1-4fd8-8b7e-0588df452f6b&checkin=2026-02-06,Phòng Đôi Hướng Sông (River View Double Room)
Amanaki Thao Dien,https://www.agoda.com/amanaki-apartment/hotel/ho-chi-minh-city-vn.html?countryId=38&finalPriceView=1&isShowMobileAppPrice=false&cid=1922896&numberOfBedrooms=&familyMode=false&adults=2&children=0&rooms=1&maxRooms=0&isCalendarCallout=false&childAges=&numberOfGuest=0&missingChildAges=false&travellerType=1&showReviewSubmissionEntry=false&currencyCode=VND&isFreeOccSearch=false&tag=5fc5476f-cfda-467d-99a8-c87005c1c1f7&los=1&searchrequestid=f21fc97d-993d-4ddf-aa68-53186ac40d1e&ds=RdkefN1aryIfmD%2BF&checkin=2025-07-25,Signature Balcony Double
Aurora Western Village Thảo Điền,https://www.agoda.com/aurora-western-village/hotel/ho-chi-minh-city-vn.html?countryId=38&finalPriceView=1&isShowMobileAppPrice=false&cid=1844104&numberOfBedrooms=&familyMode=false&adults=2&children=0&rooms=1&maxRooms=0&isCalendarCallout=false&childAges=&numberOfGuest=0&missingChildAges=false&travellerType=1&showReviewSubmissionEntry=false&currencyCode=VND&isFreeOccSearch=false&los=1&searchrequestid=85ef40a8-34e3-4c6a-a4a3-8519a73face3&ds=qMnnwutu%2FZvtFqcS&checkin=2025-07-24,Deluxe Double Room
Bach Suites Saigon,https://www.agoda.com/bach-suites-saigon_2/hotel/ho-chi-minh-city-vn.html?finalPriceView=1&isShowMobileAppPrice=false&cid=1844104&numberOfBedrooms=&familyMode=false&adults=2&children=0&rooms=1&maxRooms=0&isCalendarCallout=false&childAges=&numberOfGuest=0&missingChildAges=false&travellerType=1&showReviewSubmissionEntry=false&currencyCode=VND&isFreeOccSearch=false&isCityHaveAsq=false&los=1&searchrequestid=abe4994b-3514-4827-8da9-2e84973359bf&ds=ZOhIX4jnjJzsJ0Y%2F&checkin=2024-04-05,Superior King Room
Caravelle Saigon,https://www.agoda.com/caravelle-saigon-hotel/hotel/ho-chi-minh-city-vn.html?finalPriceView=1&isShowMobileAppPrice=false&cid=1844104&numberOfBedrooms=&familyMode=false&adults=2&children=0&rooms=1&maxRooms=0&isCalendarCallout=false&childAges=&numberOfGuest=0&missingChildAges=false&travellerType=1&showReviewSubmissionEntry=false&currencyCode=VND&isFreeOccSearch=false&isCityHaveAsq=false&los=1&searchrequestid=446a4e12-9421-4891-8cda-0696f5616226&checkin=2024-04-09,Deluxe Twin Room
Edoya Hotel Dong Khoi,https://www.agoda.com/edoya-hotel-dong-khoi/hotel/ho-chi-minh-city-vn.html?countryId=38&finalPriceView=1&isShowMobileAppPrice=false&cid=1844104&numberOfBedrooms=&familyMode=false&adults=2&children=0&rooms=1&maxRooms=0&isCalendarCallout=false&childAges=&numberOfGuest=0&missingChildAges=false&travellerType=1&showReviewSubmissionEntry=false&currencyCode=VND&isFreeOccSearch=false&tspTypes=3&los=1&searchrequestid=8ae280be-1a82-4261-a12d-58e0e7f77dd5&ds=LxaZ4GK%2FBx7rq6OP&checkin=2025-07-09,Superior Twin Room
Fusion Original Saigon Centre,https://www.agoda.com/fusion-original-saigon-centre/hotel/ho-chi-minh-city-vn.html?countryId=38&finalPriceView=1&isShowMobileAppPrice=false&cid=1917614&numberOfBedrooms=&familyMode=false&adults=2&children=0&rooms=1&maxRooms=0&checkIn=2025-12-14&isCalendarCallout=false&childAges=&numberOfGuest=0&missingChildAges=false&travellerType=1&showReviewSubmissionEntry=false&currencyCode=VND&isFreeOccSearch=false&tspTypes=-1&los=1&searchrequestid=97a4c356-156b-4ad0-ac20-b7598d5ccb03&ds=w9QgdGC2yLBRmB%2FY,Original King Room
Hilton,https://www.agoda.com/hilton-saigon/hotel/ho-chi-minh-city-vn.html?finalPriceView=1&isShowMobileAppPrice=false&cid=1844104&numberOfBedrooms=&familyMode=false&adults=2&children=0&rooms=1&maxRooms=0&isCalendarCallout=false&childAges=&numberOfGuest=0&missingChildAges=false&travellerType=1&showReviewSubmissionEntry=false&currencyCode=VND&isFreeOccSearch=false&isCityHaveAsq=false&los=1&searchrequestid=dfd0c406-8af2-444d-b4ae-a508f7084c2e&checkin=2024-04-09,Twin Guest Room
Hotel Indigo Saigon The City an IHG Hotel,https://www.agoda.com/hotel-indigo-saigon-the-city/hotel/ho-chi-minh-city-vn.html?countryId=38&finalPriceView=1&isShowMobileAppPrice=false&cid=1844104&numberOfBedrooms=&familyMode=false&adults=2&children=0&rooms=1&maxRooms=0&isCalendarCallout=false&childAges=&numberOfGuest=0&missingChildAges=false&travellerType=1&showReviewSubmissionEntry=false&currencyCode=VND&isFreeOccSearch=false&los=1&searchrequestid=44247ca4-7665-47d8-b479-5d0348c3c5c7&checkin=2025-02-06,1 King Standard City View
Icon Saigon Hotel,https://www.agoda.com/icon-saigon-luxury-design-hotel/hotel/ho-chi-minh-city-vn.html?countryId=38&finalPriceView=1&isShowMobileAppPrice=false&cid=1844104&numberOfBedrooms=&familyMode=false&adults=2&children=0&rooms=1&maxRooms=0&isCalendarCallout=false&childAges=&numberOfGuest=0&missingChildAges=false&travellerType=1&showReviewSubmissionEntry=false&currencyCode=VND&isFreeOccSearch=false&los=1&searchrequestid=26f8d99c-17ac-4d1b-85ce-821b44710c73&ds=LxaZ4GK%2FBx7rq6OP&checkin=2025-07-09,Superior Twin
Kin Hotel Dong Du,https://www.agoda.com/kin-hotel-dong-du/hotel/ho-chi-minh-city-vn.html?countryId=38&finalPriceView=1&isShowMobileAppPrice=false&cid=1844104&numberOfBedrooms=&familyMode=false&adults=2&children=0&rooms=1&maxRooms=0&checkIn=2025-07-9&isCalendarCallout=false&childAges=&numberOfGuest=0&missingChildAges=false&travellerType=1&showReviewSubmissionEntry=false&currencyCode=VND&isFreeOccSearch=false&los=1&searchrequestid=9aae2ced-15a2-4699-a200-e1755056463c&ds=LxaZ4GK%2FBx7rq6OP,Deluxe City View
KIN HOTEL DONG DU,https://www.agoda.com/kin-hotel-dong-du/hotel/ho-chi-minh-city-vn.html?countryId=38&finalPriceView=1&isShowMobileAppPrice=false&cid=-333&numberOfBedrooms=&familyMode=false&adults=2&children=0&rooms=1&maxRooms=0&checkIn=2026-02-10&isCalendarCallout=false&childAges=&numberOfGuest=0&missingChildAges=false&travellerType=1&showReviewSubmissionEntry=false&currencyCode=VND&isFreeOccSearch=false&flightSearchCriteria=%5Bobject%20Object%5D&los=1&searchrequestid=11a62bbf-c051-48a8-90e4-d03ba89ea882,Deluxe City View
Kin Hotel Ly Tu Trong,https://www.agoda.com/ha-hien-hotel_6/hotel/ho-chi-minh-city-vn.html?countryId=38&finalPriceView=1&isShowMobileAppPrice=false&cid=-333&numberOfBedrooms=&familyMode=false&adults=2&children=0&rooms=1&maxRooms=0&isCalendarCallout=false&childAges=&numberOfGuest=0&missingChildAges=false&travellerType=1&showReviewSubmissionEntry=false&currencyCode=VND&isFreeOccSearch=false&flightSearchCriteria=%5Bobject%20Object%5D&los=1&searchrequestid=11a62bbf-c051-48a8-90e4-d03ba89ea882&checkin=2026-02-11,Deluxe Twin No Window
Kin Hotel Thai Van Lung,https://www.agoda.com/kin-hotel-thai-van-lung/hotel/ho-chi-minh-city-vn.html?countryId=38&finalPriceView=1&isShowMobileAppPrice=false&cid=1917614&numberOfBedrooms=&familyMode=false&adults=2&children=0&rooms=1&maxRooms=0&checkIn=2026-02-8&isCalendarCallout=false&childAges=&numberOfGuest=0&missingChildAges=false&travellerType=1&showReviewSubmissionEntry=false&currencyCode=VND&isFreeOccSearch=false&flightSearchCriteria=%5Bobject+Object%5D&los=1&searchrequestid=d3a9b9a3-b6bd-46c3-8ef1-27826fe226f4&ds=w9QgdGC2yLBRmB%2FY,Premier City View Twin Room
Kin Hotel Thi Sach,https://www.agoda.com/northern-hotel_4/hotel/ho-chi-minh-city-vn.html?countryId=38&finalPriceView=1&isShowMobileAppPrice=false&cid=-333&numberOfBedrooms=&familyMode=false&adults=2&children=0&rooms=1&maxRooms=0&checkIn=2026-02-10&isCalendarCallout=false&childAges=&numberOfGuest=0&missingChildAges=false&travellerType=1&showReviewSubmissionEntry=false&currencyCode=VND&isFreeOccSearch=false&flightSearchCriteria=%5Bobject%20Object%5D&los=1&searchrequestid=11a62bbf-c051-48a8-90e4-d03ba89ea882,Deluxe Twin Room
La Siesta Premium Saigon,https://www.agoda.com/la-siesta-premium-sai-gon/hotel/ho-chi-minh-city-vn.html?locale=en-us&ckuid=1966667b-a129-43e3-9e42-91da18018bf8&prid=0&currency=VND&correlationId=ef2aa55b-2c31-47cb-9d17-890acdf8e7e7&analyticsSessionId=-5797839592988512335&pageTypeId=7&realLanguageId=1&languageId=1&origin=VN&cid=1844104&userId=1966667b-a129-43e3-9e42-91da18018bf8&whitelabelid=1&loginLvl=0&storefrontId=3&currencyId=78&currencyCode=VND&htmlLanguage=en-us&cultureInfoName=en-us&machineName=hk-pc-2g-acm-web-user-67b448b6df-n6hgl&trafficGroupId=1&sessionId=2swl45p3wuzvbapfh5zd3owl&trafficSubGroupId=84&aid=130589&useFullPageLogin=true&cttp=4&isRealUser=true&mode=production&browserFamily=Chrome&cdnDomain=agoda.net&rooms=1&adults=2&childs=0&priceCur=VND&los=1&textToSearch=La%20Siesta%20Premium%20Saigon&productType=-1&travellerType=1&familyMode=off&checkin=2024-04-09,No Window - Superior Room
Lotte Hotel,https://www.agoda.com/lotte-legend-hotel-saigon/hotel/ho-chi-minh-city-vn.html?finalPriceView=1&isShowMobileAppPrice=false&cid=1844104&numberOfBedrooms=&familyMode=false&adults=2&children=0&rooms=1&maxRooms=0&isCalendarCallout=false&childAges=&numberOfGuest=0&missingChildAges=false&travellerType=1&showReviewSubmissionEntry=false&currencyCode=VND&isFreeOccSearch=false&isCityHaveAsq=false&los=1&searchrequestid=61921d63-4631-40b4-8472-1ccb709c5fd7&checkin=2024-04-09,Deluxe Twin City View
M Gallery,https://www.agoda.com/hotel-des-arts-saigon-mgallery-collection/hotel/ho-chi-minh-city-vn.html?finalPriceView=1&isShowMobileAppPrice=false&cid=1841726&numberOfBedrooms=&familyMode=false&adults=2&children=0&rooms=1&maxRooms=0&checkIn=2024-07-20&isCalendarCallout=false&childAges=&numberOfGuest=0&missingChildAges=false&travellerType=1&showReviewSubmissionEntry=false&currencyCode=VND&isFreeOccSearch=false&tag=dcc3de82-8c6b-96a6-c50c-4b60afb56f79&los=1&searchrequestid=1cdc3c71-ebbd-4c1a-a136-6d868353edbe,"DELUXE ROOM, 1 King Size Bed, City View"
Mai House,https://www.agoda.com/mai-house-saigon-hotel/hotel/ho-chi-minh-city-vn.html?locale=en-us&ckuid=1966667b-a129-43e3-9e42-91da18018bf8&prid=0&currency=VND&correlationId=9364c5be-4b0c-4451-bbc8-21e0667b4d72&analyticsSessionId=-5797839592988512335&pageTypeId=7&realLanguageId=1&languageId=1&origin=VN&cid=1844104&userId=1966667b-a129-43e3-9e42-91da18018bf8&whitelabelid=1&loginLvl=0&storefrontId=3&currencyId=78&currencyCode=VND&htmlLanguage=en-us&cultureInfoName=en-us&machineName=hk-pc-2f-acm-web-user-5f9b8b4b8c-8ptcs&trafficGroupId=1&sessionId=2swl45p3wuzvbapfh5zd3owl&trafficSubGroupId=84&aid=130589&useFullPageLogin=true&cttp=4&isRealUser=true&mode=production&browserFamily=Chrome&cdnDomain=agoda.net&rooms=1&adults=2&childs=0&priceCur=VND&los=1&textToSearch=Mai%20House%20Saigon%20Hotel&productType=-1&travellerType=1&familyMode=off&ds=ZOhIX4jnjJzsJ0Y%2F&checkin=2024-04-10,Deluxe King
New World Saigon Hotel,https://www.agoda.com/new-world-saigon-hotel/hotel/ho-chi-minh-city-vn.html?finalPriceView=1&isShowMobileAppPrice=false&cid=1844104&numberOfBedrooms=&familyMode=false&adults=2&children=0&rooms=1&maxRooms=0&isCalendarCallout=false&childAges=&numberOfGuest=0&missingChildAges=false&travellerType=1&showReviewSubmissionEntry=false&currencyCode=VND&isFreeOccSearch=false&isCityHaveAsq=false&los=1&searchrequestid=c1bada4b-e0ac-4dec-aa1b-d698b3547e4c&checkin=2024-04-09,Premier Room King
Nexus Thao Dien,https://www.agoda.com/nexus-house-thao-dien/hotel/ho-chi-minh-city-vn.html?countryId=38&finalPriceView=1&isShowMobileAppPrice=false&cid=1922896&numberOfBedrooms=&familyMode=false&adults=2&children=0&rooms=1&maxRooms=0&isCalendarCallout=false&childAges=&numberOfGuest=0&missingChildAges=false&travellerType=1&showReviewSubmissionEntry=false&currencyCode=VND&isFreeOccSearch=false&tag=5fc5476f-cfda-467d-99a8-c87005c1c1f7&tspTypes=5%2C-1&los=1&searchrequestid=e8b49a75-b0cc-4dee-a9fd-5157d2350450&ds=RdkefN1aryIfmD%2BF&checkin=2025-07-25,Superior Studio with Garden
Nicecy Saigon Hotel,https://www.agoda.com/ho-sen-hotel/hotel/ho-chi-minh-city-vn.html?countryId=38&finalPriceView=1&isShowMobileAppPrice=false&cid=1844104&numberOfBedrooms=&familyMode=false&adults=2&children=0&rooms=1&maxRooms=0&isCalendarCallout=false&childAges=&numberOfGuest=0&missingChildAges=false&travellerType=1&showReviewSubmissionEntry=false&currencyCode=VND&isFreeOccSearch=false&tspTypes=3&los=1&searchrequestid=47029041-98af-44c4-88e6-d917edf605ae&ds=LxaZ4GK%2FBx7rq6OP&checkin=2025-07-09,Superior Double Room
Nikko,https://agoda.com/hotel-nikko-saigon/hotel/ho-chi-minh-city-vn.html?finalPriceView=1&isShowMobileAppPrice=false&cid=1844104&numberOfBedrooms=&familyMode=false&adults=2&children=0&rooms=1&maxRooms=0&isCalendarCallout=false&childAges=&numberOfGuest=0&missingChildAges=false&travellerType=1&showReviewSubmissionEntry=false&currencyCode=VND&isFreeOccSearch=false&isCityHaveAsq=false&los=1&searchrequestid=f49e304e-3c14-4d22-bc62-459be698bdf0&checkin=2024-04-09,Deluxe King
Novotel,https://www.agoda.com/novotel-saigon-centre-hotel/hotel/ho-chi-minh-city-vn.html?finalPriceView=1&isShowMobileAppPrice=false&cid=1844104&numberOfBedrooms=&familyMode=false&adults=2&children=0&rooms=1&maxRooms=0&isCalendarCallout=false&childAges=&numberOfGuest=0&missingChildAges=false&travellerType=1&showReviewSubmissionEntry=false&currencyCode=VND&isFreeOccSearch=false&isCityHaveAsq=false&los=1&searchrequestid=38b7e67c-5065-4ec2-9a1a-9d000d1680e0&ds=ZOhIX4jnjJzsJ0Y%2F&checkin=2024-04-11,"Superior Room, 1 King Bed"
Pullman Saigon Centre Hotel,https://www.agoda.com/pullman-saigon-centre-hotel/hotel/ho-chi-minh-city-vn.html?finalPriceView=1&isShowMobileAppPrice=false&cid=1844104&numberOfBedrooms=&familyMode=false&adults=2&children=0&rooms=1&maxRooms=0&isCalendarCallout=false&childAges=&numberOfGuest=0&missingChildAges=false&travellerType=1&showReviewSubmissionEntry=false&currencyCode=VND&isFreeOccSearch=false&isCityHaveAsq=false&los=1&searchrequestid=c689d6d2-0b0c-474b-8c7d-4febf12704e0&checkin=2024-04-09,Superior 2 Single Beds
Rex Hotel Saigon,https://www.agoda.com/rex-hotel-saigon/hotel/ho-chi-minh-city-vn.html?finalPriceView=1&isShowMobileAppPrice=false&cid=1844104&numberOfBedrooms=&familyMode=false&adults=2&children=0&rooms=1&maxRooms=0&checkIn=2024-04-15&isCalendarCallout=false&childAges=&numberOfGuest=0&missingChildAges=false&travellerType=1&showReviewSubmissionEntry=false&currencyCode=VND&isFreeOccSearch=false&isCityHaveAsq=false&los=1&searchrequestid=7799071b-690f-4bd4-8095-f52194a2fcf5&ds=xzZL5deSrxi2BAwN,Deluxe King
Sedona Suites Ho Chi Minh City,https://www.agoda.com/sedona-suites-ho-chi-minh-city_14/hotel/ho-chi-minh-city-vn.html?finalPriceView=1&isShowMobileAppPrice=false&cid=1844104&numberOfBedrooms=&familyMode=false&adults=2&children=0&rooms=1&maxRooms=0&isCalendarCallout=false&childAges=&numberOfGuest=0&missingChildAges=false&travellerType=1&showReviewSubmissionEntry=false&currencyCode=VND&isFreeOccSearch=false&isCityHaveAsq=false&los=1&searchrequestid=e499cc77-6ef8-47dd-be01-222d6bb07b73&checkin=2024-04-09,Grand Studio
Sheraton,https://www.agoda.com/sheraton-saigon-hotel-towers_12/hotel/ho-chi-minh-city-vn.html?finalPriceView=1&isShowMobileAppPrice=false&cid=1844104&numberOfBedrooms=&familyMode=false&adults=2&children=0&rooms=1&maxRooms=0&checkIn=2024-04-5&isCalendarCallout=false&childAges=&numberOfGuest=0&missingChildAges=false&travellerType=1&showReviewSubmissionEntry=false&currencyCode=VND&isFreeOccSearch=false&isCityHaveAsq=false&tspTypes=-1&los=1&searchrequestid=20d863d5-0b64-4748-b12c-35fb85ba4ae4,"Guest Room, 1 King"
Silverland Mây,https://www.agoda.com/may-hotel-saigon_2/hotel/ho-chi-minh-city-vn.html?finalPriceView=1&isShowMobileAppPrice=false&cid=1844104&numberOfBedrooms=&familyMode=false&adults=2&children=0&rooms=1&maxRooms=0&isCalendarCallout=false&childAges=&numberOfGuest=0&missingChildAges=false&travellerType=1&showReviewSubmissionEntry=false&currencyCode=VND&isFreeOccSearch=false&isCityHaveAsq=false&los=1&searchrequestid=230a9877-56fe-4fcc-abf2-4e05584a293f&checkin=2024-04-09,Narra Double
Silverland Min,https://www.agoda.com/silverland-min-hotel/hotel/ho-chi-minh-city-vn.html?countryId=38&finalPriceView=1&isShowMobileAppPrice=false&cid=1844104&numberOfBedrooms=&familyMode=false&adults=2&children=0&rooms=1&maxRooms=0&isCalendarCallout=false&childAges=&numberOfGuest=0&missingChildAges=false&travellerType=1&showReviewSubmissionEntry=false&currencyCode=VND&isFreeOccSearch=false&los=1&searchrequestid=0467fcd5-35f1-48c3-be87-1d8470edbf1c&ds=LxaZ4GK%2FBx7rq6OP&checkin=2025-07-09,Superior No Window
Sky Gem Central Hotel,https://www.agoda.com/sky-gem-central-hotel/hotel/ho-chi-minh-city-vn.html?countryId=38&finalPriceView=1&isShowMobileAppPrice=false&cid=1844104&numberOfBedrooms=&familyMode=false&adults=2&children=0&rooms=1&maxRooms=0&isCalendarCallout=false&childAges=&numberOfGuest=0&missingChildAges=false&travellerType=1&showReviewSubmissionEntry=false&currencyCode=VND&isFreeOccSearch=false&tspTypes=-1&los=1&searchrequestid=f8ac9434-e0e4-4b7a-b952-ce001c5718e5&ds=LxaZ4GK%2FBx7rq6OP&checkin=2025-07-09,Deluxe
Sofitel,https://www.agoda.com/sofitel-saigon-plaza-hotel/hotel/ho-chi-minh-city-vn.html?finalPriceView=1&isShowMobileAppPrice=false&cid=-1&numberOfBedrooms=&familyMode=false&adults=2&children=0&rooms=1&maxRooms=0&checkIn=2024-05-3&isCalendarCallout=false&childAges=&numberOfGuest=0&missingChildAges=false&travellerType=1&showReviewSubmissionEntry=false&currencyCode=VND&isFreeOccSearch=false&isCityHaveAsq=false&tspTypes=-1&los=1&searchrequestid=b3e29fba-32fc-458e-9dcd-6ca1c9c68546&ds=P6UiPeYAOOFwsN6P,"Superior Room, 1 King Size Bed, city view"
Sotetsu,https://www.agoda.com/sotetsu-grand-fresa-saigon-hotel/hotel/ho-chi-minh-city-vn.html?countryId=38&finalPriceView=1&isShowMobileAppPrice=false&cid=1844104&numberOfBedrooms=&familyMode=false&adults=2&children=0&rooms=1&maxRooms=0&checkIn=2025-06-18&isCalendarCallout=false&childAges=&numberOfGuest=0&missingChildAges=false&travellerType=1&showReviewSubmissionEntry=false&currencyCode=VND&isFreeOccSearch=false&los=1&searchrequestid=c35bd32d-ce80-49f7-82c9-20bda25b1360&ds=VFAYrKWeKOpUYVtV,Deluxe Double Room
Aira Boutique Hanoi Hotel & Spa,https://www.trip.com/hotels/detail/?cityId=286&hotelId=71511941&checkIn=2024-09-09&checkOut=2024-09-10&adult=2&children=0&subStamp=945&crn=1&ages=&travelpurpose=0&curr=VND&link=title&hoteluniquekey=H4sIAAAAAAAAAONawsjFJMEkxMTBKDWTkWPz8_X3WIUYjQzuM1pslXeM6T_0VWNGvYNn0A651tcvGx0CeCYxSnO2vg7cIWca4iBoy3V9cYFtkIMTO8fUB9_iJVhmMLbe71HayCgPUvIuwGEHI9MJxv-zcxYwHZv9mnEXEwvHu9tVh4DU-_18p5gYLjEx3GJieMTE8IqJ4RMTwy-IfBMzQxczwyRmsKpZzAyLmBmkeNNMk5JSU1LMLUzMDQ0VhDSO7j-2jc1IaRIjU0TEKUYpQ3MDMzNzQwMLC0NLMz3LRIvUkNz8qLTiEEcrZilGNw_GIDYDQ0tTQ9coLS7m0GAXwVKmWRzScTIOUsxhfi6KCRePlUxdY2SvBeIZwnhJrKl5uhERGfMEChi7GDkEGD0YIxgrGF8xglT9AHsVAIESeStAAQAA&subChannel=&masterhotelid_tracelogid=f5bbedd784711&NewTaxDescForAmountshowtype0=T&detailFilters=17%7C1~17~1*80%7C0%7C1~80~0&hotelType=normal&barcurr=VND&locale=en-XX,Deluxe Room
Bespoke Trendy Hotel Hanoi (Formerly Hanoi La Siesta Hotel Trendy),https://www.trip.com/hotels/detail/?cityId=286&hotelId=2845396&checkIn=2024-08-27&checkOut=2024-08-28&adult=2&children=0&subStamp=1067&crn=1&ages=&travelpurpose=0&curr=VND&link=title&hoteluniquekey=H4sIAAAAAAAAAON6xcTFJMEkxMTBKHWfiWPS6s47rBa_BR1nzQSCnRUOnt80YvoP8dY4BPAUMoDAjVaHRkag0FeNNQ0OkxgPMHKCRBta_BwFQYyEEE9HJUeOe0fmiwrkSXy9sNlUgVETrPFAjIMhjGGxl8_xYZXIOveL4Q6eMEYQC0fDVokoFo4HC0WARnyd-0xDQFyi_dTeKYwwMzoaoGYAGRZljmBmSrWDJ4wBMmJ5AdCIBbNjleQVWCC6GryhuoAMi2ecQEXXj3FHMTixcjRM-sI4g_HK1bWMKxgZNzKCXbLQy2EHI9MJxsVHQxYwXb54wmIXE0ThISYWjrZV3KeYGC4xMdxiYngEFL--aArjKyaGT0Cphr2Fv6Aqm5gZupgZJjGD1c9ihihbxMwgxZtmaJxiaGRhYZ5klGypIKSxqPfLFjYjaw6gD7UE40M8w_wME9NzC0wyLUzNMo0NGCcxMkVEnGKUMjQ3MDMzNzSwsDC0NNOzTLRIDcnNj0orDnG0YpZidPNgDGKzMDMxMTOM0uJiDvNzAccFA8MHeykQTxHG0wLxDP8edfaqPGdkn8SamqcbEZExUaCAsYuRQ4DRgzGCsYLxFSNI1Q9wsAAA-Cb03h8CAAA&subChannel=&masterhotelid_tracelogid=f13d12887b2c9&NewTaxDescForAmountshowtype0=T&detailFilters=17%7C1~17~1*80%7C0%7C1~80~0&hotelType=normal&barcurr=VND&locale=en-XX,Cozy Deluxe Room
Dolce Wyndham (Khu Nhat Han HN),https://www.trip.com/hotels/detail/?cityId=286&hotelId=68045905&checkIn=2025-09-28&checkOut=2025-09-29&adult=2&children=0&subStamp=975&crn=1&ages=&travelpurpose=0&curr=VND&link=title&hoteluniquekey=H4sIAAAAAAAA_-N6z8TFJMEkxMTBKPWEiWPChSffWC1-CzoW2nJdX2zQ6OCZBgINzQ4BPIUMIPBjhkMjI1CuwPbcFIdJjEcYOUGiq8rjHQWBdEPA_ihHJReO__M_OAsoSbS3bf7IpMCoCdbJMtXBEMawOM3o-E0jpv_QrYkOnjBGECvH1rMbmKJYORq-NjEpOXF8v3tXSyBP4uCTW3sZYaY8yIaaAmRY7OVzXFIAdOnsdAdPGCOIhePIGqMoFo63T7WU5BVYINoY7KDagAyLZ5xARauusUUxOLFyrNj7nXkG48UZOxVWMDJuZFzn_rBKpC7IYQcj0wnG_d21C5ienXtmtosJovAQEwvHsYcCp5gYLjEx3GJieAQUX3zhJdMrJoZPQObbW2uZfkGVNjEzdDEzTGIGa5jFDFG3iJlBitfMzCLZxMLMwjAtLclYQUjj4sPDx9iMrDmAftQSjA_xDPMzzEmySCnMrDKyMDIwYJzEyBQRcYpRytDc1MDA0tjcxNDcyEIvxcTQxDTLLNHbJyLIilmK0c2DMYjNzNzU3MUwSouLOczPRXBng9E7_-WG9lIgniKMpwXiGcJ4SaypeboRERnzhAsYuxg5BBg9GCMYKxhfMYJU_QCHCwDOtL9TJAIAAA&subChannel=&masterhotelid_tracelogid=668c48681ffb3&NewTaxDescForAmountshowtype0=T&detailFilters=17%7C1~17~1*80%7C0%7C1~80~0&hotelType=normal&display=exavg&barcurr=VND&locale=en-XX,Golden Classic Twin
Fukura (Boutique - Kim Ma),https://www.trip.com/hotels/hanoi-hotel-detail-30012114/fukurai-boutique-apartments-ha-noi/?cityId=286&checkIn=2025-09-28&checkOut=2025-09-29&adult=2&children=0&subStamp=3001547&crn=1&ages=&travelpurpose=0&curr=VND&fgt=1&hasAidInUrl=true&mincurr=VND&minprice=1697185.00&mproom=1497512269&link=title&hoteluniquekey=H4sIAAAAAAAA_-Ny5WKSYBJi4mCUsuY4-6njFKsQo5HBDn6LvuwAjhmMl54u51vByLiDkekiIwMQ9Pwyd3wIZi18aun4gnHvkldfGBewMErx-FqmJ0V4uiWFZpSHKjBqvFt_-BibB2MQm6upoZmLYZQMF3NosIugyDr3h1UlMg5SzGF-Lopv1O5zeq4wtE9iLcvUDfPLmCfcxcjkwbiKkZ2L2cDIUIDpEyM_srnxRuYA5zrpKbAAAAA&subChannel=&masterhotelid_tracelogid=69c01654439f4583b30291d8ae1cf2da&NewTaxDescForAmountshowtype0=F&detailFilters=17%7C1~17~1*80%7C1%7C0~80~1*19%7C286~19~286&hotelType=meta&trip_sub1=28_09_2025_1_mapresults_30012114_VN_desktop_default_14207735733__1_0-LANG_VN-landing&display=inctotal&locale=en-XX,Standard Room
Grand Vista Hanoi (Kim Ma),https://www.trip.com/hotels/hanoi-hotel-detail-46038252/grand-vista-hanoi/?cityId=286&checkIn=2025-09-26&checkOut=2025-09-27&adult=2&children=0&subStamp=3001547&crn=1&ages=&travelpurpose=0&curr=VND&fgt=1&hasAidInUrl=true&mincurr=VND&minprice=1751011.00&mproom=1549241488&link=title&hoteluniquekey=H4sIAAAAAAAA_-Py5GKSYBJi4mCUsueYMPPeI1aL34IBHDMY3_z8KbqCkXEHI9NFRgYgsNpr4fgQzHq83crxBeOHc7daGRewMC5kBYlJbGBxlOLxzfBL88pPijDI90lWYNSYcfXwMTYPxiA2Y2dDcyOjKBku5jA_F8GdDUbv_Jcb2kuBeIowXhJrWaZumF_GHOEuRiYPxlWMDJ8Y-ZENjDcyBADAfJJHrQAAAA&subChannel=&masterhotelid_tracelogid=ec177926835a4ee8b016908910d89001&NewTaxDescForAmountshowtype0=F&detailFilters=17%7C1~17~1*80%7C1%7C0~80~1*19%7C286~19~286&hotelType=meta&trip_sub1=26_09_2025_1_mapresults_46038252_VN_desktop_default_14207735733__1_0-LANG_VN-landing&display=inctotal&locale=en-XX,Deluxe Twin Room
Ha Noi Hotel (Kim Ma),https://www.trip.com/hotels/detail/?cityId=286&hotelId=712286&checkIn=2025-09-28&checkOut=2025-09-29&adult=2&children=0&subStamp=154&crn=1&ages=&travelpurpose=0&curr=VND&link=title&hoteluniquekey=H4sIAAAAAAAA_-NaycTFJMEkxMTBKDWPiePM6pniFr8FHWP6D33VqKlw8Dx7BgiOVDsE8BQygEBAm0Mj4w651teBNxodJjE2MHKCRC3SAxwFQYw1j7wdlVw47n756iygKNG479xHJgVGTbBOhlYHQxjD4qyEI8wQTxgjiJVjw5wZjFGsHHc2NjIqySuwQDW6wjS6Olg84wxi4bi4lzOKwYmV48HONqYZjPf2aK9gZNzICDRlh5yrl8MORqYTjF9eRyxgOjr_GtMuJoi6Q0wsHK8_c59iYrjExHCLieERULzx1kLGV0wMn5ggVv6CKm1iZuhiZpjEDNYwixmibhEzgxSvhbGRcaKhoaVFoqVBooKQxtTHh4-xGVlzMCowagnGh3iG-RnmJFmkFGZWGVkYGRgwTmJkiog4xShlaG5qYGBpbG5iaG5koZdiYmhimmWW6O0TEWTFLMXo5sEYxGbqbGzp6hylxcUc5uciuLPB6J3_ckN7KRBPEcbTAvEMYbwk1tQ83YiIjHnCBYxdjBwCjB6MEYwVjK8YQap-gIIFAAlXSjDdAQAA&subChannel=&masterhotelid_tracelogid=8323a1198a90a&NewTaxDescForAmountshowtype0=T&detailFilters=17%7C1~17~1*80%7C0%7C1~80~0&hotelType=normal&display=exavg&barcurr=VND&locale=en-XX,Deluxe Room
Halais Hotel,https://www.trip.com/hotels/detail/?cityId=286&hotelId=25731039&checkIn=2024-07-17&checkOut=2024-07-18&adult=2&children=0&subStamp=672&crn=1&ages=&travelpurpose=0&curr=VND&link=title&hoteluniquekey=H4sIAAAAAAAAAONaxMTFJMEkxMTBKDWdiePl61f3WC1-CzoygABHtoPn4a8aMf2r8hwCeArBYgdCHRoZlxTYcl1_7OowibGWEyR44pihoyCIEWKh56jkxLF26TYjAUWJt1smT2VUYNQEa2TwcjCEMSw2izrCzPCEMYJYOO43cUexcExcz6kkr8AC0dbgCNUGZFg84wQqWrydPYrBiYXjRK_7DMb7-xfxrGBk3Mgoss79YZWIrcMORqYTjFO36y1genX0As8uJrC6Q0Bq4xy2U0wMl5gYbjExPALym3YJvWJi-MQEtu8XRF0TM0MXM8MkZrDqWcxgRYuYGaR4jcwt01JMElMTTdOMkxWENF40XNjCZmTNAfSdlmB8iGeYn2Fiem6BSaaFqVmmsQHjJEamiIhTjFKG5gZmZuaGBhYWhpZmepaJFqkhuflRacUhjlbMUoxuHoxBbI5Oxm4mplFaXMxhfi6CkBD6YC8F4inCeFognmFzbP2NzxuN7JNYU_N0IyIyXvAXMHYxcggwejBGMFYwvmIEqfoBDhIAahnkA9cBAAA&subChannel=&masterhotelid_tracelogid=279fd4aea5f3c&NewTaxDescForAmountshowtype0=T&detailFilters=17%7C1~17~1*80%7C0%7C1~80~0&hotelType=normal&barcurr=VND&locale=en-XX,Superior Room
Hanoi Daewooo (Khu Nhat Han HN),https://www.trip.com/hotels/detail/?cityId=286&hotelId=993426&checkIn=2025-09-28&checkOut=2025-09-29&adult=2&children=0&subStamp=864&crn=1&ages=&travelpurpose=0&curr=VND&link=title&hoteluniquekey=H4sIAAAAAAAA_-NaysjFJMEkxMTBKDWLkePxx4etTELMhgZGBvcZLbbKO15fXGDLVdvg4BnTf-irxromhwCeSYySnEE75FpfM4Y6CKaBgFqQgxMrR8_OdsYZjJMu2mxk1ASp7gh02MHIdILx8bHyBUxds18z7mKCKDrExMKx8hP_KSaGS0wMt5gYHjExvGJi-MTE8AuqoImZoYuZYRIzWNksZoZFzAxSvEbm5slG5gaGFmmWFuYKQhrbHh0-xmZkzcGowKglGB_iGeZnmJNkkVKYWWVkYWRgwDiJkSki4hSjlKG5qYGBpbG5iaG5kYVeiomhiWmWWaK3T0SQFbMUo5sHYxCbs4mZmZtzlBYXc2iwi-Bi5Z1_2ktkHKSYw_xcFHc2GL3zX25orwXiGcJ4SaypeboRERnzhAsYuxg5BBg9GCMYKxhfMYJU_QAFAgCBL3FxWQEAAA&subChannel=&masterhotelid_tracelogid=277c27018f987&NewTaxDescForAmountshowtype0=T&detailFilters=17%7C1~17~1*80%7C0%7C1~80~0&hotelType=normal&display=exavg&barcurr=VND&locale=en-XX,Deluxe King Room
Hanoi le Jardin Hotel & Spa,https://www.trip.com/hotels/detail/?cityId=286&hotelId=35003649&checkIn=2024-09-03&checkOut=2024-09-04&adult=2&children=0&subStamp=260&crn=1&ages=&travelpurpose=0&curr=VND&link=title&hoteluniquekey=H4sIAAAAAAAAAONawsjFJMEkxMTBKDWTkePbwb-LmYQYjQzuM1pslXc8_FUjpp-r0sFzSYEt1_XoGocAnkmM0pw75FpfB97wdxDsPwRUkO_t4MTOMWfNSW8JlhmMjbtuCGxk5Lq-uMC2y8thByPTCcYZW0MXMLXOnym2i4mFY9_dhENAatkK7lNMDJeYGG4xMTxiYnjFxPCJieEXRL6JmaGLmWESM1jVLGaGRcwMUrxmhmkpaebmxpYWhklpCkIam7fd2cZmpDSJkSki4hSjlKG5gZmZuaGBhYWhpZmeZaJFakhuflRacYijFbMUo5sHYxCbo5mxpalllBYXc2iwi-AamagU63oZBynmMD8XxSkJlSutDxvZa4F4hjBeEmtqnm5ERMYMgQLGLkYOAUYPxgjGCsZXjCBVP8BeBQCyhXW8QAEAAA&subChannel=&masterhotelid_tracelogid=61fdf773981bf&NewTaxDescForAmountshowtype0=T&detailFilters=17%7C1~17~1*80%7C0%7C1~80~0&hotelType=normal&barcurr=VND&locale=en-XX,Cozy Le Jardin Classic Room
Hotel du Lac Hanoi,https://www.trip.com/hotels/detail/?cityId=286&hotelId=98064498&checkIn=2024-09-09&checkOut=2024-09-10&adult=2&children=0&subStamp=672&crn=1&ages=&travelpurpose=0&curr=VND&link=title&hoteluniquekey=H4sIAAAAAAAAAONazsjFJMEkxMTBKDWHkePU3EOvWYUYjQzuM1pslXdsfR24Qy60xsFzhxyQeazBIYBnEqM0Z0z_oa8ab4IcBA9_1YjpVwpwcGLnuPDjZaQEywzGTxse6q1gZNzIuM79YZXIvRCHHYxMJxhvtSYuYGpv_qu3i4mF4_-XokNAaul7wVNMDJeYGG4xMTxiYnjFxPCJieEXRL6JmaGLmWESM1jVLGaGRcwMUrzGaYYGKSkWBkbGhqnGCkIa5w8c28ZmpDSJkSki4hSjlKG5gZmZuaGBhYWhpZmeZaJFakhuflRacYijFbMUo5sHYxCbqauhk4VFlBYXc2iwi2Ap0ywO6TgZBynmMD8XxYSLx0qmrjGy1wLxDGG8JNbUPN2IiIx5AgWMXYwcAowejBGMFYyvGEGqfoB9CwBMBwr_QwEAAA&subChannel=&masterhotelid_tracelogid=3f10dd80231e3&NewTaxDescForAmountshowtype0=T&detailFilters=17%7C1~17~1*80%7C0%7C1~80~0&hotelType=normal&barcurr=VND&locale=en-XX,Deluxe Twin Internal Window
Hotel du Parc Hanoi,https://www.trip.com/hotels/detail/?cityId=286&hotelId=993385&checkIn=2024-07-03&checkOut=2024-07-04&adult=2&children=0&subStamp=341&crn=1&ages=&travelpurpose=0&curr=VND&link=title&hoteluniquekey=H4sIAAAAAAAAAON6ysTFJMEkxMTBKHWLiaN304mFLBa_BR0Pf9WI6f_S6OD5DUgfWtjiEMBTyAACCSUOjYxnzwDBkWyHSYwHGTlBosYRXo6CIMakFDdHJSeO5xP6jQTyJL6_XrmEUYFRE6xTIcHBEMaw2MvnKN_6OnCHXbSDJ4wRxMLxb5N0FAvHjyXiSo4cu1vnaguISNze9H4y3IwDMDOADItYx2qRde4PvWIcPGEMoBEfdsoAjTg9XUJJXoEFoqvBH6oLyLB4xglU9G0lbxSDEyvHsweXGGcwvrxgs5Fx1kwgyAx12MHIdIKxZXH1AqZXh18z72KCKDrEBHTcMqFTTAyXmBhuMTE8AvKfTHN9xcTwCcg6vEf_F1RhEzNDFzPDJGaw8lnMYFWLmBmkeFPMDJMski2SzExMU80VhDTefOzYwmZkzQH0m5ZgfIhnmJ9hYnpugUmmhalZprEB4yRGpoiIU4xShuYGZmbmhgYWFoaWZnqWiRapIbn5UWnFIY5WzFKMbh6MQWzGTgYmBpZRWlzMYX4u4GhgYPhgLwXiKcJ4WiCe4cwQpjl7txvZJ7Gm5ulGRGTc4i9g7GLkEGD0YIxgrGB8xQhS9QMUIABOhxoXGQIAAA&subChannel=&masterhotelid_tracelogid=d61b8c8b645e7&NewTaxDescForAmountshowtype0=T&detailFilters=17%7C1~17~1*80%7C0%7C1~80~0&hotelType=normal&barcurr=VND&locale=en-XX,Deluxe King Room
InterContinental Hanoi Landmark72,https://www.trip.com/hotels/detail/?cityEnName=Hanoi&cityId=286&hotelId=2998730&checkIn=2026-01-05&checkOut=2026-01-06&adult=2&children=0&crn=1&ages=&curr=VND&barcurr=VND&hoteluniquekey=H4sIAAAAAAAA_-P6x8zFJMEk9Z2Z41XL46lsQoxGBhIWk4UcGUAgaoKDp2ZM_6GvXZMcAngaGeVbXwfu2OfpMIPxVPN2xo2MHg-rRNa1JzrsYGQ6wbh90jvGBUzXbiucYmHhuPxF_hLLL6boaqXs1EolKxMdpZLMkpxUJSul4NSisszkVIXkjMSi9FQlHaWU1OJkoDiQlZibX5pXAmQbWpoaWFjoGRgABUsSKzxTlKzMdZSSE3OSS3MSS1JDKguAJpnpKGUWO5cUZRYEpeZmlpSkAlWlJeYUp4LEg1KLgTLJYEElP6AxRVCBzPw8iHZDFLGwxJzSVIgrgBa6pULtMK7VwfRBmGMIdmcbG5mbm5ijONtkQJxtWBv7iIUpOvYTC8MvFoYmVoYuVoZJrKwcXe19TLtYeYJMnANNPHUNdaN0DaUUDA0MDIxMTY3MdQ0SLRPNjBItdE0sDYwsLHRNLUzNjMw1ZvdvXLze2MhEgVFLMD7EM8zPsNyyojwzpyDN0MjEgPEUo5ShuamBobmxsaGFmbmhXkqiuYVlZUZVUo67mwdjEJuBBTA2naJsuJhDg10E639bFZzzkHGQYg7zc1F8mHPw06vJhvZaIJ4hjBdYtrVlhupjZvtImEgSa2qebkRERqNIAWMXI7cAowdjBGMFYwMj4ypGdi5mAyNDAaYNjIw7GP_DAOMrRpCZAB2yEBrhAgAA&masterhotelid_tracelogid=100025527-0a9a62a8-490288-585627&detailFilters=17%7C1%7E17%7E1*31%7C1646527%7E31%7E1646527*80%7C0%7C1%7E80%7E0*29%7C1%7E29%7E1%7C2&display=exavg&subStamp=132&isCT=true&isFlexible=F&locale=en-XX,1 King Bed Classic Room
InterContinental Hanoi Westlake,https://www.trip.com/hotels/detail/?cityEnName=Hanoi&cityId=286&hotelId=1646527&checkIn=2026-01-05&checkOut=2026-01-06&adult=2&children=0&crn=1&ages=&curr=VND&barcurr=VND&hoteluniquekey=H4sIAAAAAAAA_-P6y8zFJMEk9Y2ZY_OBx1PZhBiNDCQsJgs5yre-DtwRMdHB85tGTP-h1ZMdAngaGfsPfdWI8fd2mMG4f3_KRsYdckBFM5IcdjAynWB8e-EP4wKmVd_ETrGwcEx8q3iJ5RdTdLVSdmqlkpWJjlJJZklOqpKVUphjiJKOUkpqcTKQA2Ql5uaX5pUA2cbGhoZGlnoGBkDBksQKzxSwtuTEnOTSnMSS1JDKAqB2Mx2lzGLnkqLMgqDU3MySklSgqrTEnOJUkHhQajFQJhksqOQHNKYIKpCZnwfRbogiFpaYU5oKcQXQQrdUqB2GtTqYzg5OLSrLTE5VSM5ILEpPxe4DIyNjU0MjFB-YD4gPjGtjH7EwRcd-YmH4xcLQxMrQxcowiZWV49_eeUy7WHmCTJzDvC11DXWjdA2l5A0NDAxMDY1NTXUNEi2NLQyMLHVNLA2MLCx0DS2Nzc00vvzdsHi9sZGJAqOWYHyIZ5ifYbllRXlmTkGaoZGJAeMpRilDc1MDQ3Ng_FmYmRvqpSSaW1hWZlQl5bi7eTAGsRmbWxqYOkfZcDGHBrsI1v-2KjjnIeMgxRzm56L4MOfgp1eTDe21QHKGMLnAsq0tM1QfM9tHwuSTWFPzdCMiMhpFChi7GLkFGD0YIxgrGBsYGVcxsnMxGxgZCjBtYGTcwfgfBhhfMYJsAACNPyTu3wIAAA&masterhotelid_tracelogid=100051355-0a938029-490288-19376&detailFilters=17%7C1%7E17%7E1*31%7C1646527%7E31%7E1646527*80%7C0%7C1%7E80%7E0*29%7C1%7E29%7E1%7C2&hotelType=normal&display=exavg&subStamp=180&isCT=true&isFlexible=F&locale=en-XX,Classic Room
JW Marriott Hotel Hanoi,https://www.trip.com/hotels/detail/?cityEnName=Hanoi&cityId=286&hotelId=1586986&checkIn=2025-12-22&checkOut=2025-12-23&adult=2&children=0&crn=1&ages=&curr=VND&barcurr=VND&hoteluniquekey=H4sIAAAAAAAA_-P6xszFJMEk9Z6Z49TMD39ZhRiNDDgtPgk67pBrfR34eLqD5zeNmP5DYrMdAnhmMK56l7CCkXEj45tAoPTsTIcdjEwnGBd8vs20gOnxDY1TLCwcM87rXWL5xRRdrZSdWqlkZaKjVJJZkpOqZKUUnFpUlpmcqpCckViUnqqko5SSWpwMFAeyEnPzS_NKgGwjC1MDAwM9AwOgYElihWeKkpW5jlJyYk5yaU5iSWpIZQHQJDMdpcxi55KizIKg1NzMkpJUoKq0xJziVJB4UGoxUCYZLKjkBzSmCCqQmZ8H0W6IIhaWmFOaCnEF0EK3VKgdxrU6mD4IcwzB7mwTcwsLNGebUNvZBsQ427A29hELU3TsJxaGXywMTawMXawMk1hZOXYc6mLexcoT6OXr5Wiia6gbpWsopWAIDGpTQ2NTU12DREuLVFOLFF0TSwMjC3NdQyMTY2MLjVVrWhavNzYyUWDUEowP8QzzMyy3rCjPzClIAyowYDzFKGVobmpgaG5sbGhhZm6ol5JobmFZmVGVlOPu5sEYxOZs4eZmZhZlw8Uc5uci-DDn4KdXkw3tpUA8RRhPC8QzhPECy7a2zFB9zGwfCRNJYk3N042IyPgsXMDYxcgtwOjBGMFYwdjAyLiKkZ2L2cDIUIBpAyPjDsb_MMD4ihFkJgBa-26Q2QIAAA&edmHotelData=&masterhotelid_tracelogid=100051355-0a98e58d-490287-124338&detailFilters=17%7C1%7E17%7E1*31%7C1586986%7E31%7E1586986*80%7C0%7C1%7E80%7E0*29%7C1%7E29%7E1%7C2&hotelType=normal&display=exavg&subStamp=560&isCT=true&isFlexible=F&locale=en-XX,"Deluxe King, Guest Room, 1 King Bed"
L'Signature Hotel & Spa,https://www.trip.com/hotels/detail/?cityId=286&hotelId=110867470&checkIn=2024-09-09&checkOut=2024-09-10&adult=2&children=0&subStamp=750&crn=1&ages=&travelpurpose=0&curr=VND&link=title&hoteluniquekey=H4sIAAAAAAAAAONazsjFJMEkxMTBKDWHkePI_CNvWIUYjQzuM1pslXeUb30duMOpwcEzDQQKmhwCeCYxSnOePQMCIQ6CO-SACiSCHJzYOboe30uSYJnB2PfinckKRsaNjLZc1xcX5AY67GBkOsE4aVP-AqblfV1Wu5hYOLatqDsEpJZ84zvFxHCJieEWE8MjJoZXTAyfmBh-QeSbmBm6mBkmMYNVzWJmWMTMIMWbamiUlpSWaGSWmGZsqCCksf3gsW1sRkqTGJkiIk4xShmaG5iZmRsaWFgYWprpWSZapIbk5kelFYc4WjFLMbp5MAaxObmZuphbRGlxMYcGuwiWMs3ikI6TcZBiDvNzUUy4eKxk6hojey0QzxDGS2JNzdONiMiYJ1DA2MXIIcDowRjBWMH4ihGk6gfYtwD3MzyGQwEAAA&subChannel=&masterhotelid_tracelogid=e12fbfa26af31&NewTaxDescForAmountshowtype0=T&detailFilters=17%7C1~17~1*80%7C0%7C1~80~0&hotelType=normal&barcurr=VND&locale=en-XX,Superior Double No Window
L7 WEST LAKE HANOI BY LOTTE - L7 RESIDENCES,http://trip.com/hotels/detail/?cityEnName=Hanoi&cityId=286&hotelId=119719242&checkIn=2026-01-05&checkOut=2026-01-06&adult=2&children=0&crn=1&ages=&curr=VND&barcurr=VND&hoteluniquekey=H4sIAAAAAAAA_-NazMLFJMEkNYeF4-nB_hlsQlyGBkbmBoamZgZGBhfELH50Mjracl1fXKDe6eA5ayYQ5PY4BPAUMoBARbtDI2Pr68AdcksbHWYwnurqttzI-LBKZJ27YZTDDkamE4x_N21nXMD0p-2GzSkWFo4Hr8Uvsfxiiq5Wyk6tVLIy0VEqySzJSVWyUgpzDFHSUUpJLU4GcoCsxNz80rwSINvIxMDYwkTPwAAoWJJY4ZkC1pacmJNcmpNYkhpSWQDUbqajlFnsXFKUWRCUmptZUpIKVJWWmFOcChIPSi0GyiSDBZX8gMYUQQUy8_Mg2g1RxMISc0pTIa4AWuiWCrXDsFYH09nBqUVlmcmpCskZiUXpqdh9YGhqAPQEig_Mqe0DA2J8YFwb-4iFKTr2EwvDLxZWjt1XVzE2sTJ0sTJMYmXluDvvPOMuVsEgdydf4yhd8wBzT0tX3ShdwwusOzoeMUnJGRoYGJgaGpua6hokWhpbGBhZ6ppYGhhZWOiaGpmYaLTMnLl4vbGRiQKjlmB8iGeYn2G5ZUV5Zk5BmiHQ84ynGKUMzU0NDM2NjQ0tzMwN9VISzS0sKzOqknLc3TwYg9iMHZ3MXAyibLiYw_xcBB_mHPz0arKhvRSIpwjjaYF4hjBeYNnWlhmqj5ntI2EiSaypeboRERmNIgWMXYzcAowejBGMFYwNjIyrGNm5mA2MDAWYNjAy7mD8DwOMrxhBZgIAhDbT2QQDAAA&masterhotelid_tracelogid=100051355-0a938029-490288-5244&detailFilters=17%7C1~17~1*31%7C119719242~31~119719242*80%7C0%7C1~80~0*29%7C1~29~1%7C2&hotelType=normal&display=exavg&subStamp=270&isCT=true&isFlexible=F&locale=en-XX,One Bedroom Apartment
L7 WEST LAKE HANOI by LOTTE HOTELS,https://www.trip.com/hotels/detail/?cityEnName=Hanoi&cityId=286&hotelId=106511419&checkIn=2026-01-05&checkOut=2026-01-06&adult=2&children=0&crn=1&ages=&curr=VND&barcurr=VND&hoteluniquekey=H4sIAAAAAAAA_-NaxMLFJMEkNZuFY-3U9f1sQlyGBkbmBoamZgZGBhfELH50MjrOmgkEjp0Onpox_Ye-dvU4BPAUMoDAhyqHRkb51teBO26VOcxg3P3jidFGxmqRde4PvaIcdjAynWBc37ODcQHTkbYbNqdYWDjWfxe_xPKLKbpaKTu1UsnKREepJLMkJ1XJSik4tagsMzlVITkjsSg9VUlHKSW1OBkoDmQl5uaX5pUA2YamBhaGRnoGBkDBksQKzxQlK3MdpeTEnOTSnMSS1JDKAqBJZjpKmcXOJUWZBUGpuZklJalAVWmJOcWpIPGg1GKgTDJYUMkPaEwRVCAzPw-i3QBFLCwxpzQV4gqghW6pUDuMa3UwfRDmGILd2UYmhkaWlijONqG2sw2JcbZhbewjFqbo2E8sDL-AkXHrU2ITK0MXK8MkVlaOe80XGHexCga5Ogd7mOqaB5h7WrrqRukaXmDt_D-TSUrB0MDAwMjU1Mhc1yDR0sLMMDlZ18TSwMjCQtfQ1NTAwFjjyvKZi9cbG5koMGoJxod4hvkZlltWlGfmFKQZGpkYMJ5ilDI0NzUwNDc2NrQwMzfUS0k0t7CszKhKynF382AMYnNzczWyNI-y4WIO83MRfJhz8NOryYb2UiCeIoynBeIZwniBZVtbZqg-ZraPhIkksabm6UZEZDSKFDB2MXILMHowRjBWMDYwMq5iZOdiNjAyFGDawMi4g_E_DDC-YgSZCQBKs8rmBQMAAA&masterhotelid_tracelogid=100025527-0a9861cc-490288-155003&detailFilters=17%7C1%7E17%7E1*31%7C119719242%7E31%7E119719242*80%7C0%7C1%7E80%7E0*29%7C1%7E29%7E1%7C2&display=exavg&subStamp=1335&isCT=true&isFlexible=F&locale=en-XX,Superior Convertible
La Passion Premium Cau Go,https://www.trip.com/hotels/detail/?cityId=286&hotelId=108842804&checkIn=2024-09-09&checkOut=2024-09-10&adult=2&children=0&subStamp=658&crn=1&ages=&travelpurpose=0&curr=VND&link=title&hoteluniquekey=H4sIAAAAAAAAAOO6xcjFJMEkxMTBKHWekePSo63PWYWYDQ2MDB6xWVwwdFxSYMt1fX6jg2fr68AdcpzNDgE8hQxg4OEwidGGk-v64gJbrXAHQc2Y_kNfb4Q4KMkrsGjCVBjCGBbPOINYODZM4YpicGLnePvyd64EywzGLfM-G29kFFnn_rBqipvDDkamE4ytbysWMJ1quGu5i4mV4_m1HsZDTCwcm65ynmJiuMTEcIuJ4RET2JxXTAyfmBh-QRU1MTN0MTNMYgYrncUMVrGImUGK1zjV0sQU6JtE81RLMwUhjcn7j21jM1KaxMgUEXGKUcrQ3MDMzNzQwMLC0NJMzzLRIjUkNz8qrTjE0YpZitHNgzGIzdDV0MTQIkqLizk02EWwlGkWh3ScjIMUc5ifi2LCxWMlU9cY2WuBeIYwXhJrap5uRETGPIECxi5GDgFGD8YIxgrGV4wgVT_AngYAXuJ90HYBAAA&subChannel=&masterhotelid_tracelogid=3e945102a7e96&NewTaxDescForAmountshowtype0=T&detailFilters=17%7C1~17~1*80%7C0%7C1~80~0&hotelType=normal&barcurr=VND&locale=en-XX,Grand Double Room
La Siesta Premium Hang Be,https://www.trip.com/hotels/detail/?cityId=286&hotelId=33520498&checkIn=2024-07-17&checkOut=2024-07-18&adult=2&children=0&subStamp=1100&crn=1&ages=&travelpurpose=0&curr=VND&link=review&hoteluniquekey=H4sIAAAAAAAAAON6xsTFJMEkxMTBKHWbiePPkc47rBYThRyrRda5P5zS5OAJpKpERFodAngKGUBAodChkXFJgS3Xde00h0mMBxk5QaIqcZ6OgiAG6wRXRyVHjkdXlkkIKEtc_DrVToFRE6zxQaKDIYxhcY7R8U3gDrlW6zgHTxgjiIVj3w65KBaOpg-SSk4cl7dsUBbIk5h7r2MpI8yMAwFQM4AMi718jkCNrwMtfBw8YQygGetm8QHNONfJoySvwALRxgDTBmRYPOMEKnp1jjeKwYmV48SPU4wzGD99-8u_kXHWTCD4Geywg5HpBOPpU_ULmG5dPGGxiwmi6hATC8fyHsFTTAyXmBhuMTE8AvKvLbR6xcTwCci68FP1F1RhEzNDFzPDJGaw8lnMYFWLmBmkeM1MTEwMTRMNDZINTZMUhDRON13YwmZkzQH0nZZgfIhnmJ9hYnpugUmmhalZprEB4yRGpoiIU4xShuYGZmbmhgYWFoaWZnqWiRapIbn5UWnFIY5WzFKMbh6MQWzGFoZOJqZRWlzMYX4ughCvfrCXAvEUYTwtEM-wObb-xueNRvZJrKl5uhERGS_4Cxi7GDkEGD0YIxgrGF8xglT9AIcIABgC1NQbAgAA&subChannel=&masterhotelid_tracelogid=644415a10c15b&NewTaxDescForAmountshowtype0=T&detailFilters=17%7C1~17~1*80%7C0%7C1~80~0&hotelType=normal&barcurr=VND&locale=en-XX,Superior Room No Window
Lancaster Hanoi City (Kim Ma),https://www.trip.com/hotels/hanoi-hotel-detail-126754419/lancaster-hanoi-city-center-apartments/?cityId=286&checkIn=2025-09-28&checkOut=2025-09-29&adult=2&children=0&subStamp=3001547&crn=1&ages=&travelpurpose=0&curr=VND&fgt=1&hasAidInUrl=true&mincurr=VND&minprice=2246665.00&mproom=1652620580&link=title&hoteluniquekey=H4sIAAAAAAAA_-Ny4mKSYBJi4mCUsuBY8qt5CpsQo5HBDn6LvuwAjhmMn_fssNnByHSRkQEIvu61d3wIYjWwqDg6vmDc-bn9O-MCFkYpHl83p3AjzzK3FEeTQAVGjeajh4-xeTAGsZlaOFtYWETJcDGHBrsI3v5Zl7WnRMZBijnMz0Xxw8GJcTeXG9onsZZl6ob5ZcwT7mJk8mBcxcjOxWxgZCjA9ImRH9nceGNjAO57Mi-tAAAA&subChannel=&masterhotelid_tracelogid=299853abe3ce4fcda5a8e7b338cc3cbc&NewTaxDescForAmountshowtype0=F&detailFilters=17%7C1~17~1*80%7C1%7C0~80~1*19%7C286~19~286&hotelType=meta&trip_sub1=28_09_2025_1_mapresults_126754419_VN_desktop_selected_21397546789__1_0-LANG_VN-landing&display=inctotal&locale=en-XX,Studio
Lotte Hotel (Khu Nhat Han HN),https://www.trip.com/hotels/hanoi-hotel-detail-96297576/lotte-hotel-hanoi/?cityId=286&checkIn=2025-09-28&checkOut=2025-09-29&adult=2&children=0&subStamp=3001547&crn=1&ages=&travelpurpose=0&curr=VND&fgt=1&hasAidInUrl=true&mincurr=VND&minprice=3358822.00&mproom=1642718994&link=title&hoteluniquekey=H4sIAAAAAAAA_-OK4GKSYBJi4mCU8uOYdG55P5sQp6G5sZGJubGBkcEFMYsfnYwBHDMYXxz5qruCkXEHI9NFRgYgcNrl7vgQzDJe4On4gvHM-U8bGBewMC5kBYlFfBB2lOLxdXMKN_Isc0txNAlUYNRoPnr4GJsHYxCbsZmZgYtrlAwXc5ifi-CHgxPjbi43tJcC8RRhvCTWskzdML-MecJdjEwejKsY2bmYDYwMBZg-MfIjmxtvbAAA5Guqj8MAAAA&subChannel=&masterhotelid_tracelogid=7abc5ce709f44dcdaeea13cf35fa7780&NewTaxDescForAmountshowtype0=F&detailFilters=17%7C1~17~1*80%7C1%7C0~80~1*19%7C286~19~286&hotelType=meta&trip_sub1=28_09_2025_1_mapresults_96297576_VN_desktop_selected___0_0-LANG_VN-landing&display=inctotal&locale=en-XX,Deluxe Twin Room
Melia Hanoi,https://vn.trip.com/hotels/detail/?cityId=286&hotelId=993371&checkIn=2024-07-03&checkOut=2024-07-04&adult=2&children=0&subStamp=720&crn=1&ages=&travelpurpose=0&curr=VND&link=title&hoteluniquekey=H4sIAAAAAAAAAONaz8jFJMEkxMTBKLWEkWPLyunPWIU4zU0sLA3MjA2MDGYxWmyVdUwDgbIOB89ZM4Fgb7dDAM8kRhlOzZj-Q1874hwERda5P6w6EungxMHxZuKsKYwSLDMYb1-w2cgIVm8Z5bCDkekE45IlyxkXMLV0b2PcxcTKceTmXsZDTCwcC7aKnWJiuMTEcIuJ4RETwysmhk9MDL-gCpqYGbqYGSYxg5XNYmZYxMwgxZuSZmmcaGSclmxuYp6kIKRx4V7HFjYjaw5GBUYtwfgQzzA_w8T03AKTTAtTs0xjA8ZJjExhfqcYpQzNDczMzA0NLCwMLc30LBMtUkNy86PSikMcrZilGN08GIPYHI2NTYzdorS4mEODXQQZwOCDvRRzmJ-LIoi94OYNBy0Qz3BmCNOcvduN7JNYyzJ1w_wybvEXMHYxcggwejBGMFYwvmIEqfoBCgUAc8bBK2MBAAA&subChannel=&masterhotelid_tracelogid=df93a23fc747b&NewTaxDescForAmountshowtype0=T&detailFilters=17%7C1~17~1*80%7C0%7C1~80~0&hotelType=normal&barcurr=VND&locale=vi-VN,Deluxe Room
Mercure Hanoi La Gare Hotel,https://www.trip.com/hotels/detail/?cityId=286&hotelId=1965527&checkIn=2024-07-02&checkOut=2024-07-03&adult=2&children=0&subStamp=938&crn=1&travelpurpose=0&curr=VND&link=title&hoteluniquekey=H4sIAAAAAAAAAONawcjFJMEkxMTBKDWXkWPqlp33WIU4LUwNjC0szA2MDNaIWvSnOZ49AwR_qh08NWP6D33dU-8QwDOJUYKTAQjsFK0dBUGM7VkWjk4sHPsO5cxgvP67fCPjwyqRde6Mfg47GJlOMPbdjF_AdPLCS61dTGA1h4DUhpc8p5gYLjEx3GJieMTE8IqJ4RMTwy-IfBMzQxczwyRmsKpZzAyLmBmkeM2NzA1Mk1LSzNLSDIwVhDQmv-_YwmZkzcGowKglGB_iGeZnmJieW2CSaWFqlmlswDiJkSki4hSjlKG5gZmZuaGBhYWhpZmeZaJFakhuflRacYijFbMUo5sHYxCbgamzq5NRlBYXc5ifC9g_DAwf7KVAPEUYTwvEM5wZwjRn73Yj-yTW1DzdiIiMW_wFjF2MHAKMHowRjBWMrxhBqn6AggAAnFDD3lwBAAA&subChannel=&masterhotelid_tracelogid=72705bdf6ff03&NewTaxDescForAmountshowtype0=T&detailFilters=17%7C1%7E17%7E1*80%7C0%7C1%7E80%7E0&hotelType=normal&barcurr=VND&locale=en-XX,Classic Double Bed Room With City View
Minasi HanoiOi Hotel,https://vn.trip.com/hotels/detail/?cityId=286&hotelId=51620453&checkIn=2024-07-03&checkOut=2024-07-04&adult=2&children=0&subStamp=1060&crn=1&ages=&travelpurpose=0&curr=VND&link=title&hoteluniquekey=H4sIAAAAAAAAAON6wMjFJMEkxMTBKHWVkeN36_45rEJchkamJmbG5iYGRgZbRSwuNDM6Bu2Qa32dWezguc79YZWIVKlDAE8hAxhYO0xitOQEsX5XGTsKghgeHYaOSvIKLJowFYYwhsUzziAWjg_nWaMYnFg4fn_1ncH49Mo5iRWMjBsZD3_ViOlnsnbYwch0gnHxYacFTKeOvTTexQRWdwhIvXjEeoqJ4RITwy0mhkdMYGNeMTF8YmL4BVHTxMzQxcwwiRmschYzWMEiZgYpHovEZLO0REMDo0RDUwUhjY4XHVvYjKw5GBUYtQTjQzzD_AwT03MLTDItTM0yjQ0YJzEyhfmdYpQyNDcwMzM3NLCwMLQ007NMtEgNyc2PSisOcbRilmJ082AMYnMFhpK5RZQWF3OYn4sgxJcf7KVAPEUYTwvEM5wZwjRn73Yj-yTWskzdML-MW_wFjF2MHAKMHowRjBWMrxhBqn6AQwMAEMH0HJQBAAA&subChannel=&masterhotelid_tracelogid=8ac6fa102a15&NewTaxDescForAmountshowtype0=T&detailFilters=17%7C1~17~1*80%7C0%7C1~80~0&hotelType=normal&barcurr=VND&locale=vi-VN,Premier Double Bed Room
Movenpick Hotel Hanoi Centre,https://www.trip.com/hotels/detail/?cityId=286&hotelId=993377&checkIn=2024-07-30&checkOut=2024-07-31&adult=2&children=0&subStamp=1148&crn=1&travelpurpose=0&curr=VND&link=title&hoteluniquekey=H4sIAAAAAAAAAONazcjFJMEkxMTBKLWAkWNd1-rHrEKMRgb9ohY9bYyOxiDws8PBM2iHXOvrwB6HAJ5JjDKcDCAQdMRB8JtGTP-hhwcdnDg4fu5cNp1RgmUG48MLNisYGTcyguWORjnsYGQ6wbj2ySrGBUwr7vdb7mJi5bh49SDjISYWjiUfxU4xMVxiYrjFxPCIieEVE8MnJoZfUAVNzAxdzAyTmMHKZjEzLGJmkOJNSzEzNkxKNDe1tDSxUBDS-PSmYwubkTUHowKjlmB8iGeYn2Fiem6BSaaFqVmmsQHjJEamiIhTjFKG5gZmZuaGBhYWhpZmepaJFqkhuflRacUhjlbMUoxuHoxBbE4GJuaWxlFaXMyefkGCYC8yfLCXYg7zc1GM4pcIPMZf7KDFHBrsYmj63sLVXUjWIYk1NU83IiLjFn8BYxcjhwCjB2MEYwXjK0aQnh-ggAAACk4y7l8BAAA&subChannel=&masterhotelid_tracelogid=fd631ba759948&NewTaxDescForAmountshowtype0=T&detailFilters=17%7C1%7E17%7E1*80%7C0%7C1%7E80%7E0&hotelType=normal&barcurr=VND&locale=en-XX,Classic Twin/King Room - Complimentary daily chocolate hour 5pm-6pm
Muong Thanh Hanoi Centre Hotel,https://www.trip.com/hotels/detail/?cityId=286&hotelId=2510694&checkIn=2024-07-03&checkOut=2024-07-04&adult=2&children=0&subStamp=656&crn=1&ages=&travelpurpose=0&curr=VND&link=title&hoteluniquekey=H4sIAAAAAAAAAOM6wcTFJMEkxMTBKLWXiePhjxNrGS1-Czo-rBJZ5_60wsEzDQTsahwCeAoZQGBBpkMjYzVQ8uGiVIdJjAsYOUGiBj2OjoIgxo4rto5KThx72xcbCuhL9L46MYFRgVETrJMhwsEQxrBoFHS05bq-uMA2xMETxghi4dizViSKhePyMkElR47JdyepCYhLnO7fvRRuhkM01Awgw6LMcYdc6-tAjnAHTxgDaMSbKeJAI_pvCDuxcjzY0MM4g_HZvJmMKxgZNzJqxvQf-nrCy2EHI9MJxnVbQxcwvd-6g3kXE0ThISYWjq6d3KeYGC4xMdxiYngE5K84pP2KieETkPXon8ovqMImZoYuZoZJzGDls5jBqhYxM0jxmpkmJloYJxkapiVaGisIadx82bGFzciaA-h8LcH4EM8wP8PE9NwCk0wLU7NMYwPGSYxMERGnGKUMzQ3MzMwNDSwsDC3N9CwTLVJDcvOj0opDHK2YpRjdPBiD2JxczAwNXKO0uJjD_FwEIcH4wV4KxFOE8bRAPMOZIUxz9m43sk9iTc3TjYjIuMVfwNjFyCHA6MEYwVjB-IoRpOoHOFAAs5Crnv0BAAA&subChannel=&masterhotelid_tracelogid=65aa83b11fa93&NewTaxDescForAmountshowtype0=T&detailFilters=17%7C1~17~1*80%7C0%7C1~80~0&hotelType=normal&barcurr=VND&locale=en-XX,Superior King Room
Nesta Hotel Hanoi,https://www.trip.com/hotels/detail/?cityId=286&hotelId=993461&checkIn=2024-07-17&checkOut=2024-07-18&adult=2&children=0&subStamp=1566&crn=1&ages=&travelpurpose=0&curr=VND&link=title&hoteluniquekey=H4sIAAAAAAAAAOO6xMjFJMEkxMTBKHWckWP9rg0vWA26mC0e8zsygIBCsYMnmLGh1CGApxDMbPB3mMRowwlmL6h0EAQzBEodlOQVWDRhKgxhDItnnEEsHM838kYxOLFz7Fx9xEWCZQbj1os2GxkhSlwcdjAynWD8dNxxAdPfyfuZdjGxcFy5E34ISP1-xHGKieESE8MtJoZHTGBTXjExfGJi-AVR08TM0MXMMIkZrHIWM1jBImYGKV6LRONUi5QUC4tUC4M0BSGN2Q0XtrAZWXMwKjBqCcaHeIb5GSam5xaYZFqYmmUaGzBOYmSKiDjFKGVobmBmZm5oYGFhaGmmZ5lokRqSmx-VVhziaMUsxejmwRjEZmRgaGBuGaXFxezsFwnxO8MHeynmMD8Xxaef5C_xJ6920ALxDJtj62983mhkn8SamqcbEZHxgr-AsYuRQ4DRgzGCsYLxFSNI1Q9QUAAAILcEsIYBAAA&subChannel=&masterhotelid_tracelogid=8a3e8dd88e80f&NewTaxDescForAmountshowtype0=T&detailFilters=17%7C1~17~1*80%7C0%7C1~80~0&hotelType=normal&barcurr=VND&locale=en-XX,Superior Twin Room Non Smoking
Novotel Hanoi Thai Ha,https://www.trip.com/hotels/detail/?cityEnName=Hanoi&cityId=286&hotelId=29630821&checkIn=2025-12-09&checkOut=2025-12-10&adult=2&children=0&crn=1&ages=&curr=VND&barcurr=VND&hoteluniquekey=H4sIAAAAAAAA_-P6xczFJMEk9ZmZ48aHTUdYhBiNDHbwW_RlO86aCQSz2xw8W18H7pBb3OkQwDOD8emhCXwbGWP6D33VsIlw2MHIdIJxzYUljAuYLm1vkT3FwsJxs13sEssvpuhqpezUSiUrEx2lksySnFQlK6UwxxAlHaWU1OJkIAfISszNL80rAbKNjMxMzQ30DAyAgiWJFZ4pYG3JiTnJpTmJJakhlQVA7WY6SpnFziVFmQVBqbmZJSWpQFVpiTnFqSDxoNRioEwyWFDJD2hMEVQgMz8Pot0ARSwsMac0FeIKoIVuqVA7DGt1MJ0dnFpUlpmcqpCckViUnordB4bGJhZmxig-MB8QHxjXxj5iYYqOfcFyn-0TC8MvFoYmVoYuVoZJrKwcrTd2Me5i5fFy8TNzd9E11I3SNZSSNzQwMDA1NDY11TVItEw0MzRI0jWxNDCysNC1NDC2NNX4c2nRkvXGRiYKjFqC8SGeYX6G5ZYV5Zk5BWmGRiYGjKcYpQzNTQ0MzY2NDS3MzA31UhLNLSwrM6qSctzdPBiD2CxdnAxcTKJsuJhDg10E639bFZzzkHGQYg7zc1F8mHPw06vJhvZaIJ4hjBdYtrVlhupjZvtImEgSa2qebkRExjPhAsYuRm4BRg_GCMYKxgZGxlWM7FzMBkaGAkwbGBl3MP6HAcZXjCAzAbPLZOncAgAA&masterhotelid_tracelogid=100051355-0a9a610b-490288-90395&detailFilters=17%7C1%7E17%7E1*31%7C29630821%7E31%7E29630821*80%7C0%7C1%7E80%7E0*29%7C1%7E29%7E1%7C2&hotelType=normal&display=exavg&subStamp=195&isCT=true&isFlexible=F&locale=en-XX,"Superior Room, 1 King Size Bed, City View"
Novotel Suites Hanoi,https://www.trip.com/hotels/detail/?cityEnName=Hanoi&cityId=286&hotelId=5498372&checkIn=2025-12-09&checkOut=2025-12-10&adult=2&children=0&crn=1&ages=&curr=VND&barcurr=VND&hoteluniquekey=H4sIAAAAAAAA_-P6xczFJMEk9ZmZY1HbriMsQoxGBjv4LfqyHatF1rk_VGlz8ATRVTKdDgE8Mxhbzpxn2sh49gwQ7Al32MHIdIKxa8FCxgVMVxa1yJ5iYeF4dFb0EssvpuhqpezUSiUrEx2lksySnFQlK6Xg1KKyzORUheSMxKL0VCUdpZTU4mSgOJCVmJtfmlcCZBsaGxlYmukZGAAFSxIrPFOUrMx1lJITc5JLcxJLUkMqC4AmmekoZRY7lxRlFgSl5maWlKQCVaUl5hSngsSDUouBMslgQSU_oDFFUIHM_DyIdgMUsbDEnNJUiCuAFrqlQu0wrtXB9EGYYwh2ZxsZGVoaGaE422RAnG1YG_uIhSk69gXLfbZPLAy_WBiaWBm6WBkmsbJyvHm7jXEXK4-XS2CEs4euoW6UrqGUvKGBgYGpobGpqa5BoqVFcrKRpa6JpYGRhYWuhZGhqZHGqbnTlqw3NjJRYNQSjA_xDPMzLLesKM_MKUgzNDIxYDzFKGVobmpgaG5sbGhhZm6ol5JobmFZmVGVlOPu5sEYxGZg6GzpahFlw8UcGuwiWP_bquCch4yDFHOYn4viw5yDn15NNrTXAvEMYbzAsq0tM1QfM9tHwkSSWFPzdCMiMp4JFzB2MXILMHowRjBWMDYwMq5iZOdiNjAyFGDawMi4g_E_DDC-YgSZCQA66Sem3AIAAA&masterhotelid_tracelogid=100051355-0a98cc29-490288-82152&detailFilters=17%7C1%7E17%7E1*31%7C5498372%7E31%7E5498372*80%7C0%7C1%7E80%7E0*29%7C1%7E29%7E1%7C2&hotelType=normal&display=exavg&subStamp=330&isCT=true&isFlexible=F&locale=en-XX,Superior King Studio
Pan Pacific Hanoi,https://www.trip.com/hotels/detail/?cityEnName=Hanoi&cityId=286&hotelId=1847951&checkIn=2025-12-06&checkOut=2025-12-07&adult=2&children=0&crn=1&curr=VND&barcurr=VND&hoteluniquekey=H4sIAAAAAAAA_-OawcLFJMEkNZGFY--LGZPYhDgNDU2NzQ3MDIwMLnNbNAQ5Xl9cYMu1v9_BkwEMJjkE8BSCWQ0hDjMY-58WrGBk3Mi4BKjoOnOiww5GphOMl5Y-Z1zAdPH3HMtTLCwcHX_lLrH8YoquVspOrVSyMtFRKsksyUlVslIKcwxR0lFKSS1OBnKArMTc_NK8EiDb2NDC0NRIz8AAKFiSWOGZAtaWnJiTXJqTWJIaUlkA1G6mo5RZ7FxSlFkQlJqbWVKSClSVlphTnAoSD0otBsokgwWV_IDGFEEFMvPzINoNUcTCEnNKUyGuAFrolgq1w7BWB9PZwalFZZnJqQrJGYlF6anYfWBoYWlsbobiA3Nq-8CAGB8Y18Y-YmGKjv3EwvALGBkfjgg1sTJ0sTJMYmXluLWojWkXq2CQr0ewV7CuU5hfpGeEbpSu4QXWQ69-MkopGhoYGBiZmhqZ6xokWiYamBsb6JpYGhhZWOgaGgDjx8JI4_e-k4vXGxuZKDBqCcaHeIb5GZZbVpRn5hSkGRqZGDCeYpQyNDc1MDQ3BsaombmhXkqiuYVlZUZVUo67mwdjEJu5i7GlgXGUDRezs1-kICSFfbCXYg7zc1F8mHPw06vJhvZaIJ4hjBdYtrVlhupjZvtImEgSa2qebkRExlvhAsYuRm4BRg_GCMYKxgZGxlWM7FzMBkaGAkwbGBl3MP6HAcZXjCAzAe7z4S_8AgAA&edmHotelData=&masterhotelid_tracelogid=100025527-0a9a0730-490288-1015282&detailFilters=17%7C1%7E17%7E1*31%7C1847951%7E31%7E1847951*80%7C0%7C1%7E80%7E0*29%7C1%7E29%7E1%7C2&hotelType=normal&display=exavg&subStamp=1159&isCT=true&isFlexible=F&locale=en-XX,Deluxe King Or Twin Room
Pullman Hotel (Khu Nhat Han HN),https://www.trip.com/hotels/detail/?cityId=286&hotelId=1484364&checkIn=2025-09-28&checkOut=2025-09-29&adult=2&children=0&subStamp=1800&crn=1&ages=&travelpurpose=0&curr=VND&link=title&hoteluniquekey=H4sIAAAAAAAA_-O6zcTFJMEkxMTBKHWBiWP52p4TrEKMRgbyFl8FHeVbXwfumNLo4Ml1fXGB7YdmhwCeQgYwcHRoZHxYJbLOXTDYYRLjZkZOoFjDCg5nR0EQ45Cug6OSE8ft05dcBPIkTva-_cKkwKgJ02kIY1js5XPsP_RVI6bfxsETxghi4Th6jj2KhWPtHjYlHY79W3c4CuRL3F6z5yHQDIuHYlh0MEBVq3G0HuzXECgHqtsr6pgGAmrGDp4wBljdvtUsTqwcFxfNYJzBeOZM1EbGGJAxd4IcdjAynWCccKJ-AdPByeK7mCBqDjGxcPzpFjzFxHCJieEWE8MjJrDrXjExfAKyZiwR_AVV2MTM0MXMMIkZrHwWM1jVImYGKV5zc0uTlCTDxBSjlLQ0BSGNs_cPH2MzsuZgVGDUEowP8QzzM8xJskgpzKwysjAyMGCcxMgUEXGKUcrQ3NTAwNLY3MTQ3MhCL8XE0MQ0yyzR2yciyIpZitHNgzGIzdTcyNDEOEqLiznMz0VwZ4PRO__lhvZSIJ4ijKcF4hnCeEmsqXm6EREZ84QLGLsYOQQYPRgjGCsYXzGCVP0AhQcAEwxNhw8CAAA&subChannel=&masterhotelid_tracelogid=7794db1ad2dff&NewTaxDescForAmountshowtype0=T&detailFilters=17%7C1~17~1*80%7C0%7C1~80~0&hotelType=normal&display=exavg&barcurr=VND&locale=en-XX,Superior Twin Room with City View
REY Hotel Hanoi,https://www.trip.com/hotels/detail/?cityId=286&hotelId=113377329&checkIn=2024-07-17&checkOut=2024-07-18&adult=2&children=0&subStamp=930&crn=1&ages=&travelpurpose=0&curr=VND&link=title&hoteluniquekey=H4sIAAAAAAAAAONawsjFJMEkxMTBKDWTkWPet8WPWYUYjQx28Fv0ZTu2vg7cIcdZ5eDJdX1xga1cjUMAzyRGac40EGDzdxA8ewYI3ng7OLFz9D-a6S3BMoNxY0OH2UZGzZj-Q19XODjsYGQ6wbhhQuQCprY_bWa7mFg42hYmHAJS1yawn2JiuMTEcIuJ4RETwysmhk9MDL8g8k3MDF3MDJOYwapmMTMsYmaQ4jVIMks1MrM0TjZIskhVENL42HxhC5uRNQejAqOWYHyIZ5ifYWJ6boFJpoWpWaaxAeMkRqaIiFOMUobmBmZm5oYGFhaGlmZ6lokWqSG5-VFpxSGOVsxSjG4ejEFspqZuLiaOUVpczKHBLoIMYPDBXoo5zM9FEcRWuHTDQQvEM2yOrb_xeaORfRJrap5uRETGC_4Cxi5GDgFGD8YIxgrGV4wgVT_AYQAAMdXAuVkBAAA&subChannel=&masterhotelid_tracelogid=0b6e2693c0b8e&NewTaxDescForAmountshowtype0=T&detailFilters=17%7C1~17~1*80%7C0%7C1~80~0&hotelType=normal&barcurr=VND&locale=en-XX,Standard Twin Room
Sheraton Hanoi Hotel,https://www.trip.com/hotels/detail/?cityEnName=Hanoi&cityId=286&hotelId=993421&checkIn=2026-01-05&checkOut=2026-01-06&adult=2&children=0&crn=1&ages=&curr=VND&barcurr=VND&hoteluniquekey=H4sIAAAAAAAA_-P6zszFJMEk9YGZY_auD39ZhRiNDDgtPgk6Vousc394e5KDZ-vrwB1yp6c6BPDMYOy9aLOCkXEjY9AOudbXlekOOxiZTjAuuDKJaQFT38pXzKdYWDhW3NO6xPKLKbpaKTu1UsnKREepJLMkJ1XJSinMMURJRykltTgZyAGyEnPzS_NKgGxjC1MjAwM9AwOgYElihWcKWFtyYk5yaU5iSWpIZQFQu5mOUmaxc0lRZkFQam5mSUkqUFVaYk5xKkg8KLUYKJMMFlTyAxpTBBXIzM-DaDdAEQtLzClNhbgCaKFbKtQOw1odTGcHpxaVZSanKiRnJBalp-LwgaGpAZoPzKntA0NifGBcG_uIhSk69hMLwy8WhiZWhi5WhkmsrBwnNu1l2sXKE-jl6xhqpmuoG6VrKCVvCHSzqaGxqamuQaKlRZq5pYWuiaWBkYW5rqW5saWJxvY1VxatNzYyUWDUEowP8QzzMyy3rCjPzClIMzQyMWA8xShlaG5qYGhubGxoYWZuqJeSaG5hWZlRlZTj7ubBGMTm4uxkZmQYZcPFHObnIvgw5-CnV5MN7aVAPEUYTwvEM4TxAsu2tsxQfcxsHwkTSWJNzdONiMhoFClg7GLkFmD0YIxgrGBsYGRcxcjOxWxgZCjAtIGRcQfjfxhgfMUIMhMAbbN9q9kCAAA&edmHotelData=&masterhotelid_tracelogid=100051355-0a98f798-490287-97394&detailFilters=17%7C1%7E17%7E1*31%7C993421%7E31%7E993421*80%7C0%7C1%7E80%7E0*29%7C1%7E29%7E1%7C2&hotelType=normal&display=exavg&subStamp=120&isCT=true&isFlexible=F&locale=en-XX,Deluxe Twin Room
Sheraton Hanoi West,https://www.trip.com/hotels/detail/?cityEnName=Hanoi&cityId=286&hotelId=120053260&checkIn=2026-01-05&checkOut=2026-01-06&adult=2&children=0&crn=1&ages=&curr=VND&barcurr=VND&hoteluniquekey=H4sIAAAAAAAA_-P6wczFJMEk9ZGZ482a739ZhRiNDDgtPgk6Limw5bo-vc_B0-Nhlci6iIkOATwzGHv2zLdcwci4kXGdO1A0LcFhByPTCcYLj-8xLmD6PKPD8hQLC0fPW9lLLL-YoquVslMrlaxMdJRKMktyUpWslIJTi8oyk1MVkjMSi9JTlXSUUlKLk4HiQFZibn5pXgmQbWhhZGpgoGdgABQsSazwTFGyMtdRSk7MSS7NSSxJDaksAJpkpqOUWexcUpRZEJSam1lSkgpUlZaYU5wKEg9KLQbKJIMFlfyAxhRBBTLz8yDaDVDEwhJzSlMhrgBa6JYKtcO4VgfTB2GOIdidbWxgZobmbBNqO9uQGGcb1sY-YmGKjv3EwvCLhaGJlaGLlWESKyvHnQt_GHex8gR6GTg7-eka6kbpGkopGhoYGBiZmhqZ6xokWiaaGCYm6ppYGhhZmOsaGxmYW5qaabSfu7JovbGRiQKjlmB8iGeYn2G5ZUV5Zk5BmqGRiQHjKUYpQ3NTA0NzY2NDCzNzQ72URHMLy8qMqqQcdzcPxiA2V0tLFyfHKBsu5jA_F8GHOQc_vZpsaC8F4inCeFogniGMF1i2tWWG6mNm-0iYSBJrap5uRERGo0gBYxcjtwCjB2MEYwVjAyPjKkZ2LmYDI0MBpg2MjDsY_8MA4ytGkJkAkEqC-9wCAAA&edmHotelData=&masterhotelid_tracelogid=100025527-0a9a41aa-490287-3207956&detailFilters=17%7C1%7E17%7E1*31%7C993421%7E31%7E993421*80%7C0%7C1%7E80%7E0*29%7C1%7E29%7E1%7C2&display=exavg&subStamp=1067&isCT=true&isFlexible=F&locale=en-XX,"Deluxe, Guest Room, 1 King, Sofa Bed, City View"
Silk Path Boutique Hanoi,https://www.trip.com/hotels/detail/?cityId=286&hotelId=713072&checkIn=2024-07-17&checkOut=2024-07-18&adult=2&children=0&subStamp=996&crn=1&ages=&travelpurpose=0&curr=VND&link=title&hoteluniquekey=H4sIAAAAAAAAAONaxczFJMEkxMTBKDWfmeNS17ebLBa_BR2vLy6w5Vpe4uCZBgJ55Q4BPIUMIDCjyaGRcZ37wyqRa9UOkxjbmDhBogs-eDoKghgBrq6OSk4cV1tmmwnoS8xd1b2YUYFRE6zTIcLBEMawaBR0DNoh1_r6YbCDJ4wRxMKx4IFIFAvHhCZBoBmvuvaLCeRJPP3YhWRGEsyMJAeLvXyOxiBwOdbBE8YAmrFhgjzQjBmHJYFmLP550VxAWWLyvhPL4WZcKIKaAWRYnGN0nDUTCC7mOXjCGCAzVjmAzHhgoiSvwALR1uAJ1QZkWDzjBCra-IwrisGJlePAofOMMxg_HNLeyFgtAgwaKzeHHYxMJxi3_HdbwNTfc59pFxNE0SEmFo7bBzlPMTFcYmK4xcTwCMjf2Fj_ionhE5B1YGn8L6jCJmaGLmaGScxg5bOYwaoWMTNI8RokmydamqcZGlqkmlkqCGkcaLywhc3ImgPoOS3B-BDPMD_DxPTcApNMC1OzTGMDxkmMTBERpxilDM0NzMzMDQ0sLAwtzfQsEy1SQ3Lzo9KKQxytmKUY3TwYg9gsnNzMDQyitLiYw_xcwHHJwPDBXgrEU4TxtJhDg10MC9d0385gkHVIYk3N042IyHjBX8DYxcghwOjBGMFYwfiKEaTnByhAAGYPkoxeAgAA&subChannel=&masterhotelid_tracelogid=0c7a97f118e69&NewTaxDescForAmountshowtype0=T&detailFilters=17%7C1~17~1*80%7C0%7C1~80~0&hotelType=normal&barcurr=VND&locale=en-XX,Superior Room
The Oriental Jade Hotel,https://www.trip.com/hotels/detail/?cityId=286&hotelId=38427456&checkIn=2024-07-17&checkOut=2024-07-18&adult=2&children=0&subStamp=708&crn=1&ages=&travelpurpose=0&curr=VND&link=title&hoteluniquekey=H4sIAAAAAAAAAONaycTFJMEkxMTBKDWPiePhpkcPWS1-CzpyXV9cYHuj1cGTAQSOdTgE8BSCmT7THRoZY_oPfdU4N8lhEmMDIydQ8IBwV5yjIJDREPs10lHJhePvw6P6AooS03f_b2dUYNQE61SY5mAIY1hsFnWEGeIJYwSxclz9uY4pipWj8WAjk5K8AgtE44EgqEYgw-IZZxALx74__FEMTqwc5y-8YJ7BeGDbSqGNjOvcH1aJ5IU77GBkOsF4_vJUxgVMq-dOEdvFBFF2iImF422byCkmhktMDLeYGB4BxSd_28f0ionhExPExl9QpU3MDF3MDJOYwRpmMUPULWJmkOK1MDFMNTNISUxKNDe3VBDSePLv_BY2I2sOoB-1BONDPMP8DBPTcwtMMi1MzTKNDRgnMTJFRJxilDI0NzAzMzc0sLAwtDTTs0y0SA3JzY9KKw5xtGKWYnTzYAxiM3RzcnE2i9LiYg7zcxEEe5fhg70UiKcI42mBeIbNsfU3Pm80sk9iTc3TjYjIeMFfwNjFyCHA6MEYwVjB-IoRpOoHOFQAGUt0z94BAAA&subChannel=&masterhotelid_tracelogid=841e60daba779&NewTaxDescForAmountshowtype0=T&detailFilters=17%7C1~17~1*80%7C0%7C1~80~0&hotelType=normal&barcurr=VND&locale=en-XX,Oriental Pearl Twin
Avana Retreat,https://www.agoda.com/avana-retreat/hotel/hoa-binh-vn.html?countryId=38&finalPriceView=1&isShowMobileAppPrice=false&cid=-333&numberOfBedrooms=&familyMode=false&adults=2&children=0&rooms=1&maxRooms=0&isCalendarCallout=false&childAges=&numberOfGuest=0&missingChildAges=false&travellerType=1&showReviewSubmissionEntry=false&currencyCode=VND&isFreeOccSearch=false&flightSearchCriteria=%5Bobject%20Object%5D&los=1&searchrequestid=da6e43b7-5781-49a8-9dbd-5620dd4404f4&checkin=2026-01-12,Mountain Suite
Bakhan Village Resort,https://www.agoda.com/bakhan-village-resort/hotel/suoi-rem-vn.html?countryId=38&finalPriceView=1&isShowMobileAppPrice=false&cid=-333&numberOfBedrooms=&familyMode=false&adults=2&children=0&rooms=1&maxRooms=0&isCalendarCallout=false&childAges=&numberOfGuest=0&missingChildAges=false&travellerType=1&showReviewSubmissionEntry=false&currencyCode=VND&isFreeOccSearch=false&flightSearchCriteria=%5Bobject%20Object%5D&los=1&searchrequestid=76207edc-a9c1-4225-a2d9-b80a6522c633&checkin=2026-01-12,Bungalow - Garden View
Mai Chau Ecolodge,https://www.agoda.com/mai-chau-ecolodge/hotel/mai-chau-hoa-binh-vn.html?countryId=38&finalPriceView=1&isShowMobileAppPrice=false&cid=-333&numberOfBedrooms=&familyMode=false&adults=2&children=0&rooms=1&maxRooms=0&isCalendarCallout=false&childAges=&numberOfGuest=0&missingChildAges=false&travellerType=1&showReviewSubmissionEntry=false&currencyCode=VND&isFreeOccSearch=false&los=1&searchrequestid=636d308d-4cf6-4919-8f29-0fc5563f6b3f&ds=DoZJ20i2e%2BEqNPUp&checkin=2026-01-11,Superior Twin Room with Garden View
Mit Retreat,https://www.agoda.com/mit-retreat-h78984157/hotel/hang-thau-vn.html?countryId=38&finalPriceView=1&isShowMobileAppPrice=false&cid=-333&numberOfBedrooms=&familyMode=false&adults=2&children=0&rooms=1&maxRooms=0&isCalendarCallout=false&childAges=&numberOfGuest=0&missingChildAges=false&travellerType=1&showReviewSubmissionEntry=false&currencyCode=VND&isFreeOccSearch=false&flightSearchCriteria=%5Bobject%20Object%5D&los=1&searchrequestid=5bd00a27-07ef-4749-ac5b-47dbd579de16&checkin=2026-01-12,One Bedroom Deluxe Mountain View
TOKI Ecolodge Cao Răm,https://www.agoda.com/toki-ecolodge-cao-ram/hotel/huyen-luong-son-vn.html?countryId=38&finalPriceView=1&isShowMobileAppPrice=false&cid=-333&numberOfBedrooms=&familyMode=false&adults=2&children=0&rooms=1&maxRooms=0&checkIn=2026-01-12&isCalendarCallout=false&childAges=&numberOfGuest=0&missingChildAges=false&travellerType=1&showReviewSubmissionEntry=false&currencyCode=VND&isFreeOccSearch=false&flightSearchCriteria=[object%20Object]&los=1&searchrequestid=9dff44ac-f969-4da3-94c3-db30fd1d3d8c,"Basic Room, Mountain View"
Express NBK,https://www.agoda.com/express-by-m-village-nguy-n-b-nh-khiem/hotel/ho-chi-minh-city-vn.html?countryId=38&finalPriceView=1&isShowMobileAppPrice=false&cid=1844104&numberOfBedrooms=&familyMode=false&adults=2&children=0&rooms=1&maxRooms=0&isCalendarCallout=false&childAges=&numberOfGuest=0&missingChildAges=false&travellerType=1&showReviewSubmissionEntry=false&currencyCode=VND&isFreeOccSearch=false&los=1&searchrequestid=3dc83b64-e055-4dab-b712-526517138eed&ds=RO3ZU6JUu9Rt6DDC&checkin=2025-09-02,Deluxe Room
Express VVK,https://www.agoda.com/express-by-m-village-vo-van-ki-t/hotel/ho-chi-minh-city-vn.html?countryId=38&finalPriceView=2&isShowMobileAppPrice=false&cid=1833981&numberOfBedrooms=&familyMode=false&adults=2&children=0&rooms=1&maxRooms=0&checkIn=2025-03-30&isCalendarCallout=false&childAges=&numberOfGuest=0&missingChildAges=false&travellerType=1&showReviewSubmissionEntry=false&currencyCode=VND&isFreeOccSearch=false&tspTypes=6&los=1&searchrequestid=39e277b2-adbf-445f-a948-c3c7ba15d3ab&ds=sg8pjo5ADIEJQXBl,Standard Room without Window
Living 59 Thảo Điền,https://www.agoda.com/m-village-59-th-o-di-n/hotel/ho-chi-minh-city-vn.html?countryId=38&finalPriceView=1&isShowMobileAppPrice=false&cid=1844104&numberOfBedrooms=&familyMode=false&adults=2&children=0&rooms=1&maxRooms=0&isCalendarCallout=false&childAges=&numberOfGuest=0&missingChildAges=false&travellerType=1&showReviewSubmissionEntry=false&currencyCode=VND&isFreeOccSearch=false&los=1&searchrequestid=7c32cfba-1c15-45ed-a8a1-ac4285be8f20&ds=RO3ZU6JUu9Rt6DDC&checkin=2025-08-31,Standard Studio
Living Kỳ Đồng,https://www.agoda.com/m-village-k-d-ng/hotel/ho-chi-minh-city-vn.html?countryId=38&finalPriceView=1&isShowMobileAppPrice=false&cid=1844104&numberOfBedrooms=&familyMode=false&adults=2&children=0&rooms=1&maxRooms=0&isCalendarCallout=false&childAges=&numberOfGuest=0&missingChildAges=false&travellerType=1&showReviewSubmissionEntry=false&currencyCode=VND&isFreeOccSearch=false&los=1&searchrequestid=f0d7518a-d081-446c-9843-f93ecbe63c31&ds=RO3ZU6JUu9Rt6DDC&checkin=2025-08-31,Superior Room with Window
M Village Beachfront,https://www.agoda.com/signature-by-m-village-beachfront-resort-hotel/hotel/da-nang-vn.html?countryId=38&finalPriceView=1&isShowMobileAppPrice=false&cid=1844104&numberOfBedrooms=&familyMode=false&adults=2&children=0&rooms=1&maxRooms=0&checkIn=2025-08-31&isCalendarCallout=false&childAges=&numberOfGuest=0&missingChildAges=false&travellerType=1&showReviewSubmissionEntry=false&currencyCode=VND&isFreeOccSearch=false&los=1&searchrequestid=8b7a98ac-e814-4133-8cdb-b22ff77cee88&ds=RO3ZU6JUu9Rt6DDC,Deluxe City View
M Village ĐN Centre,https://www.agoda.com/m-village-hotel-da-nang-centre/hotel/da-nang-vn.html?countryId=38&finalPriceView=2&isShowMobileAppPrice=false&cid=1922896&numberOfBedrooms=&familyMode=false&adults=1&children=0&rooms=1&maxRooms=0&checkIn=2025-03-19&isCalendarCallout=false&childAges=&numberOfGuest=0&missingChildAges=false&travellerType=0&showReviewSubmissionEntry=false&currencyCode=VND&isFreeOccSearch=false&tag=e7cd00ee-740b-44b3-8d3d-8a80d13fc8a9&los=1&searchrequestid=97546e62-4537-442b-b052-6063ece452ff&ds=xH2aPslxijMnVZ10,Superior Cozy Room for 2 People
M Village ĐN Heritage,https://www.agoda.com/signature-by-m-village-da-n-ng-heritage/hotel/da-nang-vn.html?countryId=38&finalPriceView=2&isShowMobileAppPrice=false&cid=1922896&numberOfBedrooms=&familyMode=false&adults=1&children=0&rooms=1&maxRooms=0&checkIn=2025-03-19&isCalendarCallout=false&childAges=&numberOfGuest=0&missingChildAges=false&travellerType=0&showReviewSubmissionEntry=false&currencyCode=VND&isFreeOccSearch=false&tag=e7cd00ee-740b-44b3-8d3d-8a80d13fc8a9&los=1&searchrequestid=8dc2ac0c-fc6b-4260-9efb-ebddb4fceb06,Standard Room
M Village Express 46 Thao Dien,https://www.agoda.com/express-by-m-village-46-th-o-di-n/hotel/ho-chi-minh-city-vn.html?countryId=38&finalPriceView=1&isShowMobileAppPrice=false&cid=1844104&numberOfBedrooms=&familyMode=false&adults=2&children=0&rooms=1&maxRooms=0&checkIn=2025-07-22&isCalendarCallout=false&childAges=&numberOfGuest=0&missingChildAges=false&travellerType=1&showReviewSubmissionEntry=false&currencyCode=VND&isFreeOccSearch=false&tspTypes=-1&los=1&searchrequestid=bd6aec34-c662-44db-b658-a47c10f62330&ds=qMnnwutu%2FZvtFqcS,Standard Room (Non View)
M Village Express Dien Bien Phu Q3,https://www.agoda.com/m-village-di-n-bien-ph-q3/hotel/ho-chi-minh-city-vn.html?countryId=38&finalPriceView=1&isShowMobileAppPrice=false&cid=1844104&numberOfBedrooms=&familyMode=false&adults=2&children=0&rooms=1&maxRooms=0&checkIn=2025-12-25&isCalendarCallout=false&childAges=&numberOfGuest=0&missingChildAges=false&travellerType=1&showReviewSubmissionEntry=false&currencyCode=VND&isFreeOccSearch=false&flightSearchCriteria=%5Bobject+Object%5D&tspTypes=3&los=1&searchrequestid=06e7ee69-5eff-4752-9fe9-659c75bf152e&ds=qMnnwutu%2FZvtFqcS,Standard Room without Window
M Village Hotel Ho Guom,https://www.trip.com/hotels/detail/?cityEnName=Hanoi&cityId=286&hotelId=117330768&checkIn=2025-10-13&checkOut=2025-10-14&adult=2&children=0&crn=1&ages=&curr=VND&barcurr=VND&hoteluniquekey=H4sIAAAAAAAA_-M6zsTFJMEkdYCJ4_DrI9dYhRgNLH4LOmrG9B_6OqXcwfObBpBVWekQwFPIAAIW3Q6NjCBJjWPtDjMYLyz7ab6R8ewZIPCxc9jByHSCsXlKzAKmWcv-mp9iYeF48pLtEssOxuhqpezUSiUrEx2lksySnFQlK6UwxxAlHaWU1OJkIAfISszNL80rAbINDQ0tTEz0DAyAgiWJFZ4pYG3JiTnJpTmJJakhlQVA7WY6SpnFziVFmQVBqbmZJSWpQFVpiTnFqSDxoNRioEwyWFDJD2hMEVQgMz8Pot0QRSwsMac0FeIKoIVuqVA7DGtjH7EwRcd-YmH4xcLK8ffbYcYmVoYuVoZJrCwcQF_uYmXzdzO1DHK7wNrQvYBJSt7QwMDA1NDY1FTXINHS2CLVJFnXxMLC0sxC19zI0NJM48fM3afmGhuZKDBqCcaHeIb5GZYnlaQlFiUllWQWGDCeYpQyNDe1NDY3sTAztjQ21LNITkzJTHJLSfXMyvNgDGKzdHS2cLKIsuFiDvNzEUyQuu9-4YChvRSIpwjjaYF4hjBeYGX_tPLJz5ntI2EiSaypeboRERlrhQsYGxgZuxi5BRg9GCMYK0C8VYwMGxgZdzD-hwHGV4wg8wAPa1rBJQIAAA&edmHotelData=&masterhotelid_tracelogid=100051355-0a938e4c-488968-72196&detailFilters=17%7C1%7E17%7E1*31%7C117330768%7E31%7E117330768*80%7C1%7C0%7E80%7E1*29%7C1%7E29%7E1%7C2&hotelType=normal&display=inctotal&subStamp=648&isCT=true&locale=en-XX,Standard Room without Window
M Village Hotel Nguyễn Du,http://agoda.com/m-village-hotel-nguy-n-du/hotel/ho-chi-minh-city-vn.html?countryId=38&finalPriceView=1&isShowMobileAppPrice=false&cid=1844104&numberOfBedrooms=&familyMode=false&adults=2&children=0&rooms=1&maxRooms=0&checkIn=2025-12-9&isCalendarCallout=false&childAges=&numberOfGuest=0&missingChildAges=false&travellerType=1&showReviewSubmissionEntry=false&currencyCode=VND&isFreeOccSearch=false&los=1&searchrequestid=b93b6fc7-9ec8-446d-9d56-346281e49563,Superior Room with Window - No View
M Village Hotel Thợ Nhuộm,https://www.trip.com/hotels/hanoi-hotel-detail-6311204/m-village-hotel-tho-nhuom/?locale=en_xx,Hot TN - Trip com bao gồm 2 pax ăn sáng + thuế Superior
M Village Kim Mã,https://www.trip.com/hotels/hanoi-hotel-detail-130930228/m-village-hotel-kim-ma/?checkIn=2026-01-19&checkOut=2026-01-20&crn=1&adult=2&children=0&locale=en_xx,Superior No Window
M Village Living Nguyen Van Huong,https://www.agoda.com/m-village-nguy-n-van-hu-ng/hotel/ho-chi-minh-city-vn.html?countryId=38&finalPriceView=1&isShowMobileAppPrice=false&cid=1844104&numberOfBedrooms=&familyMode=false&adults=2&children=0&rooms=1&maxRooms=0&isCalendarCallout=false&childAges=&numberOfGuest=0&missingChildAges=false&travellerType=1&showReviewSubmissionEntry=false&currencyCode=VND&isFreeOccSearch=false&los=1&searchrequestid=1f7b6f5c-52a6-449e-b7f7-6fe442e0c8bc&ds=qMnnwutu%2FZvtFqcS&checkin=2025-07-25,Superior - 1 Queen Bed
M Village Living Tran Nao,https://www.agoda.com/m-village-the-compound/hotel/ho-chi-minh-city-vn.html?countryId=38&finalPriceView=1&isShowMobileAppPrice=false&cid=1844104&numberOfBedrooms=&familyMode=false&adults=2&children=0&rooms=1&maxRooms=0&isCalendarCallout=false&childAges=&numberOfGuest=0&missingChildAges=false&travellerType=1&showReviewSubmissionEntry=false&currencyCode=VND&isFreeOccSearch=false&los=1&searchrequestid=8dbc6579-78e9-4d2a-ad07-715a864f24d1&ds=qMnnwutu%2FZvtFqcS&checkin=2025-07-23,Studio Room
M Village Living Vo Thi Sau,https://www.agoda.com/m-village-the-boutique/hotel/ho-chi-minh-city-vn.html?countryId=38&finalPriceView=1&isShowMobileAppPrice=false&cid=1844104&numberOfBedrooms=&familyMode=false&adults=2&children=0&rooms=1&maxRooms=0&checkIn=2025-07-23&isCalendarCallout=false&childAges=&numberOfGuest=0&missingChildAges=false&travellerType=1&showReviewSubmissionEntry=false&currencyCode=VND&isFreeOccSearch=false&tspTypes=-1&los=1&searchrequestid=ca480d5f-ddca-436b-9560-2f2655f02de8&ds=qMnnwutu%2FZvtFqcS,Standard Studio
M Village Sig Tho Nhuom,https://vn.trip.com/hotels/hanoi-hotel-detail-7023235/signature-by-m-village-th-nhum/?checkIn=2025-04-25&checkOut=2025-04-26&crn=1&adult=2&children=0,Sig TN - Trip com bao gồm 2 pax ăn sáng + thuế STUDIO
M Village Tao Đàn,https://www.agoda.com/m-village-tao-dan-park/hotel/ho-chi-minh-city-vn.html?countryId=38&finalPriceView=2&isShowMobileAppPrice=false&cid=1917614&numberOfBedrooms=&familyMode=false&adults=2&children=0&rooms=1&maxRooms=0&checkIn=2025-03-30&isCalendarCallout=false&childAges=&numberOfGuest=0&missingChildAges=false&travellerType=1&showReviewSubmissionEntry=false&currencyCode=VND&isFreeOccSearch=false&tspTypes=4%2C-1&los=1&searchrequestid=56718ea8-f017-44bc-8b80-fdefdc33eb23&ds=BIE8N1kPrvyyX%2FfQ,Superior Room
MV Thi sách,https://www.agoda.com/hotel-de-charme-saigon-former-asian-ruby-luxury-hotel/hotel/ho-chi-minh-city-vn.html?countryId=38&finalPriceView=2&isShowMobileAppPrice=false&cid=1844104&numberOfBedrooms=&familyMode=false&adults=2&children=0&rooms=1&maxRooms=0&isCalendarCallout=false&childAges=&numberOfGuest=0&missingChildAges=false&travellerType=1&showReviewSubmissionEntry=false&currencyCode=VND&isFreeOccSearch=false&tspTypes=-1&los=1&searchrequestid=7439fa48-4902-4b76-ae13-4b8718105c1d&ds=OfhJmeGr3US3OQJl&checkin=2025-03-31,Superior with Bathtub
MV Tôn Thất Đạm,https://www.agoda.com/m-village-ton-th-t-d-m/hotel/ho-chi-minh-city-vn.html?finalPriceView=1&isShowMobileAppPrice=false&cid=-1&numberOfBedrooms=&familyMode=false&adults=2&children=0&rooms=1&maxRooms=0&checkIn=2023-12-27&isCalendarCallout=false&childAges=&numberOfGuest=0&missingChildAges=false&travellerType=1&showReviewSubmissionEntry=false&currencyCode=VND&isFreeOccSearch=false&isCityHaveAsq=false&los=1&searchrequestid=65ea474e-41ff-4c0b-9beb-87b2da580ec4&ds=W9W47XQm9iNhK7jY,Standard Room without Window
MV TTĐ,https://www.agoda.com/m-village-ton-th-t-d-m/hotel/ho-chi-minh-city-vn.html?finalPriceView=1&isShowMobileAppPrice=false&cid=-1&numberOfBedrooms=&familyMode=false&adults=2&children=0&rooms=1&maxRooms=0&checkIn=2023-12-27&isCalendarCallout=false&childAges=&numberOfGuest=0&missingChildAges=false&travellerType=1&showReviewSubmissionEntry=false&currencyCode=VND&isFreeOccSearch=false&isCityHaveAsq=false&los=1&searchrequestid=65ea474e-41ff-4c0b-9beb-87b2da580ec4&ds=W9W47XQm9iNhK7jY,Deluxe Room
MV TTĐ,https://www.agoda.com/m-village-ton-th-t-d-m/hotel/ho-chi-minh-city-vn.html?finalPriceView=1&isShowMobileAppPrice=false&cid=-1&numberOfBedrooms=&familyMode=false&adults=2&children=0&rooms=1&maxRooms=0&checkIn=2023-12-27&isCalendarCallout=false&childAges=&numberOfGuest=0&missingChildAges=false&travellerType=1&showReviewSubmissionEntry=false&currencyCode=VND&isFreeOccSearch=false&isCityHaveAsq=false&los=1&searchrequestid=65ea474e-41ff-4c0b-9beb-87b2da580ec4&ds=W9W47XQm9iNhK7jY,Deluxe Room Twin
President Maison,https://www.agoda.com/president-maison-signature-by-m-village/hotel/ho-chi-minh-city-vn.html?countryId=38&finalPriceView=1&isShowMobileAppPrice=false&cid=1844104&numberOfBedrooms=&familyMode=false&adults=2&children=0&rooms=1&maxRooms=0&isCalendarCallout=false&childAges=&numberOfGuest=0&missingChildAges=false&travellerType=1&showReviewSubmissionEntry=false&currencyCode=VND&isFreeOccSearch=false&tspTypes=-1&los=1&searchrequestid=03593fa4-8469-4b9a-9ff8-e6ebc77a6892&ds=RO3ZU6JUu9Rt6DDC&checkin=2025-08-31,Deluxe - 1 King Bed
Savvy by M Village Hai Bà Trưng,https://www.agoda.com/vi-vn/savvy-by-m-village-hai-ba-trung-saigon-downtown/hotel/ho-chi-minh-city-vn.html?countryId=38&finalPriceView=1&isShowMobileAppPrice=false&cid=-333&numberOfBedrooms=&familyMode=false&adults=2&children=0&rooms=1&maxRooms=0&checkIn=2026-01-5&isCalendarCallout=false&childAges=&numberOfGuest=0&missingChildAges=false&travellerType=1&showReviewSubmissionEntry=false&currencyCode=VND&isFreeOccSearch=false&flightSearchCriteria=%5Bobject+Object%5D&los=1&searchrequestid=ac4e6ca7-f6d7-4006-8f8e-9c0a997c050b&ds=YuiGcJl7cS1kNanN,"Phòng cao cấp Giường Lớn, Hướng Thành Phố (Superior King Bed, City View)"
Signature by M Village HBT,https://www.agoda.com/signature-by-m-village-hai-ba-trung/hotel/ho-chi-minh-city-vn.html?countryId=38&finalPriceView=1&isShowMobileAppPrice=false&cid=1844104&numberOfBedrooms=&familyMode=false&adults=2&children=0&rooms=1&maxRooms=0&checkIn=2025-08-31&isCalendarCallout=false&childAges=&numberOfGuest=0&missingChildAges=false&travellerType=1&showReviewSubmissionEntry=false&currencyCode=VND&isFreeOccSearch=false&los=1&searchrequestid=f216efd3-5069-4b05-bdf8-ffc813e72ebc&ds=RO3ZU6JUu9Rt6DDC,Studio Room City View
Signature Lê Thánh Tôn,https://www.agoda.com/signature-by-m-village-le-thanh-ton/hotel/ho-chi-minh-city-vn.html?countryId=38&finalPriceView=2&isShowMobileAppPrice=false&cid=1833981&numberOfBedrooms=&familyMode=false&adults=2&children=0&rooms=1&maxRooms=0&checkIn=2025-03-30&isCalendarCallout=false&childAges=&numberOfGuest=0&missingChildAges=false&travellerType=1&showReviewSubmissionEntry=false&currencyCode=VND&isFreeOccSearch=false&tspTypes=-1&los=1&searchrequestid=b0d106f1-4995-4d40-8a07-67fc477994f5&ds=kRNzZxqQmLBulEMM,Deluxe City View Twin Room
InterContinental,https://www.agoda.com/intercontinental-nha-trang/hotel/nha-trang-vn.html?countryId=38&finalPriceView=2&isShowMobileAppPrice=false&cid=-1&numberOfBedrooms=&familyMode=false&adults=2&children=0&rooms=1&maxRooms=0&checkIn=2025-04-17&isCalendarCallout=false&childAges=&numberOfGuest=0&missingChildAges=false&travellerType=1&showReviewSubmissionEntry=false&currencyCode=VND&isFreeOccSearch=false&tspTypes=-1%2C-1&los=1&searchrequestid=ab4480ff-0b2a-4c3f-9fb7-a86cb0138e8c&ds=V4OwFj%2FJmdc3wSq2,2 Single Classic City View
Melia Vinpearl,https://www.agoda.com/vinpearl-condotel-empire-nha-trang/hotel/nha-trang-vn.html?countryId=38&finalPriceView=2&isShowMobileAppPrice=false&cid=-1&numberOfBedrooms=&familyMode=false&adults=2&children=0&rooms=1&maxRooms=0&checkIn=2025-04-17&isCalendarCallout=false&childAges=&numberOfGuest=0&missingChildAges=false&travellerType=1&showReviewSubmissionEntry=false&currencyCode=VND&isFreeOccSearch=false&tspTypes=-1&los=1&searchrequestid=e1808ea8-8f18-4b51-87e4-a20ff5fa3c69&ds=V4OwFj%2FJmdc3wSq2,Deluxe Room
Mường Thanh,https://www.agoda.com/muong-thanh-luxury-nha-trang-hotel/hotel/nha-trang-vn.html?countryId=38&finalPriceView=2&isShowMobileAppPrice=false&cid=-1&numberOfBedrooms=&familyMode=false&adults=2&children=0&rooms=1&maxRooms=0&checkIn=2025-04-17&isCalendarCallout=false&childAges=&numberOfGuest=0&missingChildAges=false&travellerType=1&showReviewSubmissionEntry=false&currencyCode=VND&isFreeOccSearch=false&tspTypes=-1&los=1&searchrequestid=c468e247-824e-45cd-8b76-76af895ad92e&ds=V4OwFj%2FJmdc3wSq2,Deluxe Double City View
Potique Hotel,https://www.agoda.com/potique-hotel/hotel/nha-trang-vn.html?countryId=38&finalPriceView=1&isShowMobileAppPrice=false&cid=-1&numberOfBedrooms=&familyMode=false&adults=2&children=0&rooms=1&maxRooms=0&checkIn=2025-12-5&isCalendarCallout=false&childAges=&numberOfGuest=0&missingChildAges=false&travellerType=1&showReviewSubmissionEntry=false&currencyCode=VND&isFreeOccSearch=false&flightSearchCriteria=%5Bobject+Object%5D&los=1&searchrequestid=e76e6a11-ec90-4aa8-ae1a-9bdd2af085cf&ds=wjA6QiyYxTZMkZ%2Fj,Classic Room
Sheraton,http://www.agoda.com/sheraton-nha-trang-hotel-spa/hotel/nha-trang-vn.html?countryId=38&finalPriceView=2&isShowMobileAppPrice=false&cid=-1&numberOfBedrooms=&familyMode=false&adults=2&children=0&rooms=1&maxRooms=0&checkIn=2025-04-17&isCalendarCallout=false&childAges=&numberOfGuest=0&missingChildAges=false&travellerType=1&showReviewSubmissionEntry=false&currencyCode=VND&isFreeOccSearch=false&tspTypes=-1&los=1&searchrequestid=2915da39-c203-4f33-9113-30085acabe36,"Guest room, 2 Twin, Ocean view"
Vinpearl Resort,https://www.agoda.com/vinpearl-resort-nha-trang/hotel/nha-trang-vn.html?countryId=38&finalPriceView=2&isShowMobileAppPrice=false&cid=-1&numberOfBedrooms=&familyMode=false&adults=2&children=0&rooms=1&maxRooms=0&checkIn=2025-04-17&isCalendarCallout=false&childAges=&numberOfGuest=0&missingChildAges=false&travellerType=1&showReviewSubmissionEntry=false&currencyCode=VND&isFreeOccSearch=false&tspTypes=-1%2C-1&los=1&searchrequestid=a1221de0-b5f7-486a-9ace-70e956f386e9&ds=V4OwFj%2FJmdc3wSq2,Deluxe Twin Room
Hotel de la Coupole - MGallery,https://www.agoda.com/hotel-de-la-coupole-mgallery-by-sofitel/hotel/sapa-vn.html?countryId=38&finalPriceView=1&isShowMobileAppPrice=false&cid=-333&numberOfBedrooms=&familyMode=false&adults=2&children=0&rooms=1&maxRooms=0&isCalendarCallout=false&childAges=&numberOfGuest=0&missingChildAges=false&travellerType=1&showReviewSubmissionEntry=false&currencyCode=VND&isFreeOccSearch=false&flightSearchCriteria=%5Bobject%20Object%5D&tspTypes=8%2C-1&los=1&searchrequestid=c7d510e7-47c6-4017-8835-67f0adb5dace&checkin=2026-01-12,Classic Room Twin
KK Sapa Hotel,https://www.agoda.com/kk-sapa-hotel/hotel/sapa-vn.html?countryId=38&finalPriceView=1&isShowMobileAppPrice=false&cid=-333&numberOfBedrooms=&familyMode=false&adults=2&children=0&rooms=1&maxRooms=0&isCalendarCallout=false&childAges=&numberOfGuest=0&missingChildAges=false&travellerType=1&showReviewSubmissionEntry=false&currencyCode=VND&isFreeOccSearch=false&flightSearchCriteria=%5Bobject%20Object%5D&los=1&searchrequestid=5c4666a0-3593-41d6-b49f-4f2312fba0e6&checkin=2026-01-12,Superior Twin City View
Pao's Sapa Leisure Hotel,https://www.agoda.com/pao-s-sapa-leisure-hotel/hotel/sapa-vn.html?countryId=38&finalPriceView=1&isShowMobileAppPrice=false&cid=-333&numberOfBedrooms=&familyMode=false&adults=2&children=0&rooms=1&maxRooms=0&checkIn=2026-01-12&isCalendarCallout=false&childAges=&numberOfGuest=0&missingChildAges=false&travellerType=1&showReviewSubmissionEntry=false&currencyCode=VND&isFreeOccSearch=false&flightSearchCriteria=[object%20Object]&los=1&searchrequestid=e6777808-ce94-4c80-82dd-286280b875bb,Deluxe Garden View
Sapa Jade Hill Resort & Spa,https://www.agoda.com/sapa-jade-hill-resort-spa/hotel/sapa-vn.html?countryId=38&finalPriceView=1&isShowMobileAppPrice=false&cid=-333&numberOfBedrooms=&familyMode=false&adults=2&children=0&rooms=1&maxRooms=0&isCalendarCallout=false&childAges=&numberOfGuest=0&missingChildAges=false&travellerType=1&showReviewSubmissionEntry=false&currencyCode=VND&isFreeOccSearch=false&flightSearchCriteria=%5Bobject%20Object%5D&los=1&searchrequestid=6033f94a-f06b-48f9-86b7-a51f4a502040&checkin=2026-01-12,Deluxe Valley View Room
Silk Path Grand Sapa Resort & Spa,https://www.agoda.com/silk-path-grand-resort-spa-sapa/hotel/sapa-vn.html?countryId=38&finalPriceView=1&isShowMobileAppPrice=false&cid=-333&numberOfBedrooms=&familyMode=false&adults=2&children=0&rooms=1&maxRooms=0&checkIn=2026-01-12&isCalendarCallout=false&childAges=&numberOfGuest=0&missingChildAges=false&travellerType=1&showReviewSubmissionEntry=false&currencyCode=VND&isFreeOccSearch=false&flightSearchCriteria=[object%20Object]&tspTypes=-1&los=1&searchrequestid=e8ad6f1a-6a2d-44b3-990a-fe64f3a6575e,Classic Garden View
Topas Ecolodge,https://www.agoda.com/topas-ecolodge/hotel/sapa-vn.html?countryId=38&finalPriceView=1&isShowMobileAppPrice=false&cid=-333&numberOfBedrooms=&familyMode=false&adults=2&children=0&rooms=1&maxRooms=0&isCalendarCallout=false&childAges=&numberOfGuest=0&missingChildAges=false&travellerType=1&showReviewSubmissionEntry=false&currencyCode=VND&isFreeOccSearch=false&flightSearchCriteria=%5Bobject%20Object%5D&los=1&searchrequestid=2b365a19-c416-4ac7-94aa-b5691c673229&checkin=2026-01-12,Deluxe Suite
Ville De Mont Mountain Resort,https://www.agoda.com/ville-de-mont-mountain-resort/hotel/sapa-vn.html?countryId=38&finalPriceView=1&isShowMobileAppPrice=false&cid=-333&numberOfBedrooms=&familyMode=false&adults=2&children=0&rooms=1&maxRooms=0&isCalendarCallout=false&childAges=&numberOfGuest=0&missingChildAges=false&travellerType=1&showReviewSubmissionEntry=false&currencyCode=VND&isFreeOccSearch=false&flightSearchCriteria=%5Bobject%20Object%5D&tspTypes=-1&los=1&searchrequestid=bf0c858f-3c41-45ca-84b8-8458ba6cb109&checkin=2026-01-12,On the Rock 1-Bedroom Executive Villa
Amanaki,https://www.agoda.com/en-gb/amanaki-saigon-boutique-hotel/hotel/ho-chi-minh-city-vn.html?finalPriceView=1&isShowMobileAppPrice=false&cid=-1&numberOfBedrooms=&familyMode=false&adults=2&children=0&rooms=1&maxRooms=0&isCalendarCallout=false&childAges=&numberOfGuest=0&missingChildAges=false&travellerType=1&showReviewSubmissionEntry=false&currencyCode=VND&isFreeOccSearch=false&isCityHaveAsq=false&los=1&searchrequestid=e188997b-5a3b-4f5d-9f3b-10f4a2ab94c4&ds=Jxkz%2BJdTWWqcFwfi&checkin=2023-12-23,Signature Double Room
Amanaki,https://www.agoda.com/en-gb/amanaki-saigon-boutique-hotel/hotel/ho-chi-minh-city-vn.html?finalPriceView=1&isShowMobileAppPrice=false&cid=-1&numberOfBedrooms=&familyMode=false&adults=2&children=0&rooms=1&maxRooms=0&isCalendarCallout=false&childAges=&numberOfGuest=0&missingChildAges=false&travellerType=1&showReviewSubmissionEntry=false&currencyCode=VND&isFreeOccSearch=false&isCityHaveAsq=false&los=1&searchrequestid=e188997b-5a3b-4f5d-9f3b-10f4a2ab94c4&ds=Jxkz%2BJdTWWqcFwfi&checkin=2023-12-23,Signature Twin Room
Au Lac Charner,https://www.agoda.com/en-gb/silverland-charner/hotel/ho-chi-minh-city-vn.html?finalPriceView=1&isShowMobileAppPrice=false&cid=-1&numberOfBedrooms=&familyMode=false&adults=2&children=0&rooms=1&maxRooms=0&isCalendarCallout=false&childAges=&numberOfGuest=0&missingChildAges=false&travellerType=1&showReviewSubmissionEntry=false&currencyCode=VND&isFreeOccSearch=false&isCityHaveAsq=false&los=1&searchrequestid=fc27357f-de79-4ce4-9c7f-04f214d79b9a&ds=zb%2Bq4M5wYVlaMl50&checkin=2024-01-15,Ruffier Deluxe Twin Room without Window
Au Lac Charner,https://www.agoda.com/en-gb/silverland-charner/hotel/ho-chi-minh-city-vn.html?finalPriceView=1&isShowMobileAppPrice=false&cid=-1&numberOfBedrooms=&familyMode=false&adults=2&children=0&rooms=1&maxRooms=0&isCalendarCallout=false&childAges=&numberOfGuest=0&missingChildAges=false&travellerType=1&showReviewSubmissionEntry=false&currencyCode=VND&isFreeOccSearch=false&isCityHaveAsq=false&los=1&searchrequestid=fc27357f-de79-4ce4-9c7f-04f214d79b9a&ds=zb%2Bq4M5wYVlaMl50&checkin=2024-01-15,Vannier Premier Twin Room
Hato,https://www.agoda.com/hato-saigon-hotel-rooftop/hotel/ho-chi-minh-city-vn.html?finalPriceView=1&isShowMobileAppPrice=false&cid=-1&numberOfBedrooms=&familyMode=false&adults=2&children=0&rooms=1&maxRooms=0&checkIn=2024-03-11&isCalendarCallout=false&childAges=&numberOfGuest=0&missingChildAges=false&travellerType=1&showReviewSubmissionEntry=false&currencyCode=VND&isFreeOccSearch=false&isCityHaveAsq=false&los=1&searchrequestid=88064a43-db35-443e-b02a-a34ef59cfb3a&ds=V4OwFj%2FJmdc3wSq2,Deluxe Double No Window
Hato,https://www.agoda.com/hato-saigon-hotel-rooftop/hotel/ho-chi-minh-city-vn.html?finalPriceView=1&isShowMobileAppPrice=false&cid=-1&numberOfBedrooms=&familyMode=false&adults=2&children=0&rooms=1&maxRooms=0&checkIn=2024-03-11&isCalendarCallout=false&childAges=&numberOfGuest=0&missingChildAges=false&travellerType=1&showReviewSubmissionEntry=false&currencyCode=VND&isFreeOccSearch=false&isCityHaveAsq=false&los=1&searchrequestid=88064a43-db35-443e-b02a-a34ef59cfb3a&ds=V4OwFj%2FJmdc3wSq2,Premium Twin Room - Non-Smoking
M Hotel,https://www.agoda.com/en-gb/saigon-m-hotel/hotel/ho-chi-minh-city-vn.html?finalPriceView=1&isShowMobileAppPrice=false&cid=-1&numberOfBedrooms=&familyMode=false&adults=2&children=0&rooms=1&maxRooms=0&checkIn=2023-11-16&isCalendarCallout=false&childAges=&numberOfGuest=0&missingChildAges=false&travellerType=1&showReviewSubmissionEntry=false&currencyCode=VND&isFreeOccSearch=false&isCityHaveAsq=false&los=1&searchrequestid=035dc308-2e55-4a5a-9897-eff533e89040&ds=wKWNNCYzHepMNVAV,Zen Corner
Silverland Ben Thanh,https://www.agoda.com/en-gb/silverland-ben-thanh/hotel/ho-chi-minh-city-vn.html?finalPriceView=1&isShowMobileAppPrice=false&cid=-1&numberOfBedrooms=&familyMode=false&adults=2&children=0&rooms=1&maxRooms=0&isCalendarCallout=false&childAges=&numberOfGuest=0&missingChildAges=false&travellerType=1&showReviewSubmissionEntry=false&currencyCode=VND&isFreeOccSearch=false&isCityHaveAsq=false&los=1&searchrequestid=f3dfa2e7-b20a-4f93-87d4-3c1bc711a367&ds=nX8j45SUAw8I%2FYVG&checkin=2024-02-12,Spring Field - No Window
Silverland Ben Thanh,https://www.agoda.com/en-gb/silverland-ben-thanh/hotel/ho-chi-minh-city-vn.html?finalPriceView=1&isShowMobileAppPrice=false&cid=-1&numberOfBedrooms=&familyMode=false&adults=2&children=0&rooms=1&maxRooms=0&isCalendarCallout=false&childAges=&numberOfGuest=0&missingChildAges=false&travellerType=1&showReviewSubmissionEntry=false&currencyCode=VND&isFreeOccSearch=false&isCityHaveAsq=false&los=1&searchrequestid=f3dfa2e7-b20a-4f93-87d4-3c1bc711a367&ds=nX8j45SUAw8I%2FYVG&checkin=2024-02-12,Sunshine Garden - Double or Twin
Silverland May,https://www.agoda.com/en-gb/may-hotel-saigon_2/hotel/ho-chi-minh-city-vn.html?finalPriceView=1&isShowMobileAppPrice=false&cid=-1&numberOfBedrooms=&familyMode=false&adults=2&children=0&rooms=1&maxRooms=0&isCalendarCallout=false&childAges=&numberOfGuest=0&missingChildAges=false&travellerType=1&showReviewSubmissionEntry=false&currencyCode=VND&isFreeOccSearch=false&isCityHaveAsq=false&los=1&searchrequestid=9d32ce8a-3b15-4430-9ac4-c598491d7a1e&ds=YRL4D6dXDtLvkuWi&checkin=2023-12-02,Narra Double
Silverland May,https://www.agoda.com/en-gb/may-hotel-saigon_2/hotel/ho-chi-minh-city-vn.html?finalPriceView=1&isShowMobileAppPrice=false&cid=-1&numberOfBedrooms=&familyMode=false&adults=2&children=0&rooms=1&maxRooms=0&isCalendarCallout=false&childAges=&numberOfGuest=0&missingChildAges=false&travellerType=1&showReviewSubmissionEntry=false&currencyCode=VND&isFreeOccSearch=false&isCityHaveAsq=false&los=1&searchrequestid=9d32ce8a-3b15-4430-9ac4-c598491d7a1e&ds=YRL4D6dXDtLvkuWi&checkin=2023-12-02,Narra Twin - No Window
Wink,https://www.agoda.com/en-gb/wink-hotel-saigon-centre/hotel/ho-chi-minh-city-vn.html?finalPriceView=1&isShowMobileAppPrice=false&cid=-1&numberOfBedrooms=&familyMode=false&adults=2&children=0&rooms=1&maxRooms=0&isCalendarCallout=false&childAges=&numberOfGuest=0&missingChildAges=false&travellerType=1&showReviewSubmissionEntry=false&currencyCode=VND&isFreeOccSearch=false&isCityHaveAsq=false&los=1&searchrequestid=0d9cab51-f874-4830-94f2-d128425a837f&ds=Vg54WImh47fuGWrM&checkin=2023-12-23,Wink Lite Queen
Wink,https://www.agoda.com/en-gb/wink-hotel-saigon-centre/hotel/ho-chi-minh-city-vn.html?finalPriceView=1&isShowMobileAppPrice=false&cid=-1&numberOfBedrooms=&familyMode=false&adults=2&children=0&rooms=1&maxRooms=0&isCalendarCallout=false&childAges=&numberOfGuest=0&missingChildAges=false&travellerType=1&showReviewSubmissionEntry=false&currencyCode=VND&isFreeOccSearch=false&isCityHaveAsq=false&los=1&searchrequestid=0d9cab51-f874-4830-94f2-d128425a837f&ds=Vg54WImh47fuGWrM&checkin=2023-12-23,Wink Lite Twin
Grand Signature by M Village Hoi An,https://www.agoda.com/hoi-an-silk-village-resort-spa/hotel/hoi-an-vn.html?countryId=38&finalPriceView=1&isShowMobileAppPrice=false&cid=-333&numberOfBedrooms=&familyMode=false&adults=2&children=0&rooms=1&maxRooms=0&isCalendarCallout=false&childAges=&numberOfGuest=0&missingChildAges=false&travellerType=1&showReviewSubmissionEntry=false&currencyCode=VND&isFreeOccSearch=false&los=1&searchrequestid=ce50f332-2f10-4e54-a3b0-323970ea6373&ds=ewZZqMsZVtPh3VLY&checkin=2026-02-02,Deluxe Garden View Twin Room
Park Hotel Dalat,https://www.agoda.com/dalat-plaza-hotel/hotel/dalat-vn.html?countryId=38&finalPriceView=1&isShowMobileAppPrice=false&cid=-333&numberOfBedrooms=&familyMode=false&adults=2&children=0&rooms=1&maxRooms=0&isCalendarCallout=false&childAges=&numberOfGuest=0&missingChildAges=false&travellerType=1&showReviewSubmissionEntry=false&currencyCode=VND&isFreeOccSearch=false&los=1&searchrequestid=3bc0e22c-8273-4975-9960-d634f00f8424&ds=lWl7YEvBlXuOH7%2Bh&checkin=2026-01-26,Standard Twin